"","latitude","longitude","freq"
"1",-72.00194,2.53389,1
"2",-71.25054,-68.70461,5
"3",-48.83333,69.01667,2
"4",-44.86836,170.61009,1
"5",-44.4,171.25,1
"6",-43.64578,172.74586,2
"7",-42.76667,147.53333,1
"8",-42.45658,171.22081,2
"9",-42,174,11
"10",-41.28664,174.77557,4
"11",-41.253,174.75424,2
"12",-41.22826,173.57018,1
"13",-41.21667,174.91667,1
"14",-41,174,1
"15",-40.75,175.15,2
"16",-40.35636,175.61113,1
"17",-40.11979,175.67426,1
"18",-39.63333,176.85,1
"19",-39.59167,174.28333,1
"20",-39.16667,174.66667,1
"21",-38.66667,178.01667,1
"22",-38.65,178,3
"23",-38.00228,-57.55754,2
"24",-37.814,144.96332,12
"25",-37.8,144.98333,1
"26",-37.75,145,1
"27",-37.32167,-59.13316,1
"28",-36.86667,174.76667,4
"29",-36.85,174.78333,1
"30",-36,-60,5
"31",-35.4264,-71.65542,1
"32",-35.28346,149.12807,4
"33",-34.92866,138.59863,2
"34",-34.83346,-56.16735,2
"35",-34.76088,-58.40632,1
"36",-34.75,-58.58333,1
"37",-34.72418,-58.25265,1
"38",-34.70252,-58.3955,1
"39",-34.63401,-58.79138,1
"40",-34.6,-58.45,1
"41",-34.48333,150.85,1
"42",-34,-64,14
"43",-33.92584,18.42322,7
"44",-33.91799,25.57007,1
"45",-33.86785,151.20732,14
"46",-33.8661,151.20728,1
"47",-33.56668,18.48335,1
"48",-33.45694,-70.64827,15
"49",-33.41665,149.5806,1
"50",-33.03932,-71.62725,1
"51",-33.02457,-71.55183,3
"52",-33,-56,1
"53",-33,146,1
"54",-32.94682,-60.63932,2
"55",-32.94588,-66.00268,1
"56",-32.92715,151.77647,1
"57",-32.89084,-68.82717,1
"58",-32.73308,151.5574,1
"59",-32.68333,116.66667,1
"60",-32.56066,-60.76046,2
"61",-32.1485,151.8346,1
"62",-31.71868,115.73839,1
"63",-31.63333,-60.7,1
"64",-31.5667,-58.525,2
"65",-31.5375,-68.53639,2
"66",-31.38333,-57.96667,1
"67",-30.03306,-51.23,2
"68",-30,-71,13
"69",-30,135,1
"70",-29.72528,31.08583,1
"71",-29.15627,26.35116,1
"72",-29.02006,16.73707,1
"73",-29,24,6
"74",-29,30,1
"75",-28.66056,-56.00444,1
"76",-28.3093,23.58719,2
"77",-28.06046,25.40351,1
"78",-28.00029,153.43088,2
"79",-27.98644,26.70661,1
"80",-27.46794,153.02809,8
"81",-27.36679,-70.3314,1
"82",-27.21417,-49.64306,1
"83",-27,-50,2
"84",-26.90778,-48.66194,1
"85",-26.9,27.8833,1
"86",-26.5,26,1
"87",-26.20227,28.04363,6
"88",-26.1989,28.31262,1
"89",-26.1333,-59.6,1
"90",-25.85891,28.18577,1
"91",-25.74486,28.18783,2
"92",-25.70546,28.31495,1
"93",-25.42778,-49.27306,1
"94",-25.30066,-57.63591,3
"95",-25.00369,152.84328,1
"96",-25,25.75,1
"97",-25,122,8
"98",-25,135,17
"99",-24.19456,-65.29712,1
"100",-23.68611,-46.62278,1
"101",-23.5475,-46.63611,4
"102",-23.52296,148.15784,2
"103",-23.4933,-61.9267,38
"104",-23.17944,-45.88694,2
"105",-22.90278,-43.2075,10
"106",-22.88333,-43.10361,1
"107",-22.82223,47.82615,3
"108",-22.0175,-47.89083,1
"109",-21.1,55.6,1
"110",-20.88231,55.4504,1
"111",-20.81972,-49.37944,2
"112",-20.25417,57.74528,2
"113",-20,145,6
"114",-19.92083,-43.93778,1
"115",-19.78333,-66.41667,2
"116",-19.74833,-47.93194,1
"117",-19.2,29.8,1
"118",-18,-44,1
"119",-17.82772,31.05337,2
"120",-17.68333,-149.58333,1
"121",-16.67861,-49.25389,1
"122",-15.58071,-49.63623,1
"123",-15.5,35,1
"124",-13.5,34,1
"125",-13,-56,1
"126",-12.97111,-38.51083,1
"127",-12.05658,-77.11814,1
"128",-12.04318,-77.02824,9
"129",-11.41667,14.3,1
"130",-10.0901,123.7484,1
"131",-10,-76,4
"132",-10,-55,10
"133",-10,180,1
"134",-8.74,117.5333,2
"135",-8.65,115.21667,2
"136",-8.3,157.11667,1
"137",-8.11861,-35.09222,1
"138",-7.2024,107.8878,1
"139",-6.59444,106.78917,3
"140",-6.21462,106.84513,4
"141",-6,35,2
"142",-6,147,2
"143",-5.1875,-37.34417,1
"144",-5.11306,105.30667,1
"145",-5.08917,-42.80194,3
"146",-5.05583,-79.35806,1
"147",-5,-63,3
"148",-5,-40,1
"149",-5,120,8
"150",-4.94566,140.80319,2
"151",-4.77609,11.86352,1
"152",-4.69214,-47.34302,1
"153",-4.32142,15.30807,1
"154",-4.05466,39.66359,3
"155",-3.71722,-38.54306,1
"156",-3.41667,114.85,4
"157",-3.20333,-52.20639,1
"158",-2.233,-80.91039,1
"159",-2.18194,-79.89167,4
"160",-2,-79.83333,1
"161",-2,-77.5,5
"162",-1.96276,-79.72402,1
"163",-1.45583,-48.50444,7
"164",-1.28333,36.81667,13
"165",-1.02863,-79.46352,1
"166",-0.75,37,1
"167",-0.61179,30.55573,2
"168",-0.22985,-78.52495,2
"169",0,0,8092
"170",0,25,1
"171",0,120,3
"172",0.16667,10,1
"173",0.31628,32.58219,9
"174",0.35333,32.75528,1
"175",0.5,32,4
"176",1,7,1
"177",1,38,4
"178",1.36667,103.8,5
"179",1.421,172.984,1
"180",1.4655,103.7578,1
"181",1.61438,-75.60623,10
"182",2.5,112.5,4
"183",2.7373,31.88644,1
"184",2.9,101.78333,1
"185",3.2,73,7
"186",3.35,101.25,2
"187",3.43722,-76.5225,11
"188",3.86667,11.51667,1
"189",3.99929,-52.99856,1
"190",4,-72,10
"191",4.1748,73.50888,2
"192",4.25,-74.18333,3
"193",4.60971,-74.08175,4
"194",4.62996,-75.09539,1
"195",4.77742,7.0134,4
"196",4.81333,-75.69611,1
"197",5.10658,7.36667,1
"198",5.41667,7.5,1
"199",5.55602,-0.1969,4
"200",5.65,-9.7,1
"201",5.75,0,5
"202",6.18333,118.13333,2
"203",6.18347,-1.30096,2
"204",6.25,-57.83333,1
"205",6.25184,-75.56359,3
"206",6.33504,5.62749,2
"207",6.45306,3.39583,23
"208",6.58333,1.83333,3
"209",6.66667,2.25,6
"210",6.75,-69.6,1
"211",7,81,1
"212",7.11525,-7.51973,4
"213",7.25,2.16667,3
"214",7.25167,124.24389,1
"215",7.25256,5.19312,1
"216",7.38778,3.89639,2
"217",7.5,4.5,1
"218",7.76694,-72.225,1
"219",7.83333,3.73333,3
"220",7.88782,-67.47236,1
"221",7.96667,-80.43333,1
"222",8,-66,77
"223",8.1,-1.2,1
"224",8.12923,-63.54086,2
"225",8.29829,-62.72198,3
"226",8.43333,99.96667,1
"227",8.5,-71.16667,1
"228",8.5,4.55,3
"229",8.62261,-70.20749,3
"230",8.81667,48.83333,6
"231",9,-80,11
"232",9,-64.5,2
"233",9.03333,-79.5,4
"234",9.06853,7.48375,13
"235",9.16667,-69.25,2
"236",9.30472,-75.39778,1
"237",9.40107,-75.40058,1
"238",9.56667,122.6,4
"239",9.75,-63.17667,1
"240",9.93333,-84.08333,2
"241",10,-84,2
"242",10,-67.16667,2
"243",10,6,3
"244",10,8,37
"245",10,76.5,1
"246",10.00236,-84.11651,2
"247",10.00858,139.72137,2
"248",10.02082,-68.14982,2
"249",10.07389,-69.32278,2
"250",10.08,-69.12611,2
"251",10.16202,-68.00765,2
"252",10.16667,-68.08333,1
"253",10.19635,-71.30818,1
"254",10.24694,-67.59583,4
"255",10.34447,-67.04325,2
"256",10.38828,-71.43992,1
"257",10.43337,-66.98313,1
"258",10.46354,-64.1775,1
"259",10.46736,-66.60663,2
"260",10.47596,3.90072,1
"261",10.48801,-66.87919,33
"262",10.49598,-66.85347,1
"263",10.52224,7.43828,1
"264",10.56667,-66.9,1
"265",10.5673,18.507,1
"266",10.63167,-71.64056,4
"267",10.66667,107.78333,3
"268",10.66781,-63.25849,1
"269",10.75,1.66667,12
"270",10.75,106.66667,1
"271",10.7744,76.65625,1
"272",10.8155,78.69651,2
"273",10.9587,123.9234,1
"274",10.96854,-74.78132,1
"275",11,-61,1
"276",11.14165,-74.11712,1
"277",11.5,42.5,1
"278",11.5221,13.68558,2
"279",11.6956,-70.19957,1
"280",11.7594,9.33921,1
"281",12.00012,8.51672,1
"282",12.1084,-68.93354,2
"283",12.16667,6.25,1
"284",12.16688,-68.96667,1
"285",12.97194,77.59369,3
"286",13,-85,5
"287",13,122,10
"288",13.08784,80.27847,3
"289",13.35,74.78333,1
"290",13.6291,46.126,1
"291",13.75398,100.50144,5
"292",13.83333,-88.91667,1
"293",14.6042,120.9822,1
"294",14.64072,-90.51327,2
"295",15,-86.5,3
"296",15,100,1
"297",15.13333,-89.3,8
"298",15.15,120.58333,3
"299",15.23,-87.23,1
"300",15.38111,-12.35556,2
"301",15.4,-87.8,1
"302",15.40927,73.78868,1
"303",15.5,-90.25,2
"304",15.5,-61.33333,1
"305",16,30,1
"306",16,79,1
"307",16.06778,108.22083,1
"308",16.41639,120.59306,1
"309",16.60807,-95.98034,1
"310",16.77348,-3.00742,5
"311",16.86336,-99.8901,1
"312",17.07108,-96.71914,2
"313",17.25,-88.75,4
"314",17.33333,-62.75,1
"315",17.38405,78.45636,3
"316",17.8981,-92.6683,1
"317",17.97747,-66.29795,2
"318",17.98689,-92.93028,1
"319",18.00126,-94.5581,1
"320",18.08581,-15.9785,2
"321",18.08829,-96.12982,1
"322",18.12857,-66.10961,5
"323",18.24829,-66.49989,1
"324",18.25,-77.5,1
"325",18.35329,-64.93653,2
"326",18.36667,-74.26667,1
"327",18.46148,-97.39282,2
"328",18.51957,73.85535,3
"329",19,-72.41667,1
"330",19,-70.66667,16
"331",19.04334,-98.20193,2
"332",19.05011,-104.31879,1
"333",19.07283,72.88261,26
"334",19.28786,-99.65324,1
"335",19.3,-70.2,1
"336",19.3467,-99.16174,3
"337",19.42847,-99.12766,25
"338",19.44506,-99.14612,3
"339",19.50611,-154.91194,1
"340",19.51971,-99.25718,1
"341",19.61725,-99.06601,2
"342",19.640556,-155.995556,3
"343",19.66667,-88.5,1
"344",19.7,105.78333,3
"345",19.70078,-101.18443,3
"346",19.88333,75.33333,1
"347",19.98912,-102.28477,2
"348",20,-70,1
"349",20,-12,1
"350",20,77,34
"351",20.11697,-98.73329,2
"352",20.236567,-155.836735,2
"353",20.237312,-155.830552,7
"354",20.24232,-155.83323,5
"355",20.33333,-103.66667,2
"356",20.33738,-102.28342,1
"357",20.51499,-100.9967,1
"358",20.6,-100.38333,3
"359",20.62041,-105.23066,1
"360",20.66682,-103.39182,1
"361",20.75028,-156.50028,1
"362",20.86774,-156.61706,2
"363",20.904275,-156.373506,1
"364",20.90992,-97.67469,1
"365",20.9767,-89.62059,6
"366",21.17429,-86.84656,2
"367",21.2694,-157.69052,1
"368",21.45543,-157.96138,3
"369",21.51694,39.21917,1
"370",21.64519,-157.92324,1
"371",22.14993,-100.9828,2
"372",22.28552,114.15769,2
"373",22.43103,69.89982,2
"374",22.56263,88.36304,2
"375",22.70139,-80.79806,1
"376",22.76843,-102.58141,1
"377",23,-102,43
"378",23,72,1
"379",23.02579,72.58726,2
"380",23.11667,113.25,4
"381",23.13302,-82.38304,1
"382",23.2329,-106.40616,1
"383",23.40232,89.01374,1
"384",23.7104,90.40744,1
"385",24,-98.75,1
"386",24,54,5
"387",24,90,2
"388",24,121,1
"389",24.46667,54.36667,3
"390",24.49215,-12.65625,1
"391",24.561353,-81.909735,2
"392",24.66684,-99.67198,1
"393",24.68773,46.72185,2
"394",24.859832,-168.021815,1
"395",24.9056,67.0822,4
"396",24.976242,-80.552284,1
"397",25,-107.5,1
"398",25,45,5
"399",25.06765,55.30557,1
"400",25.22231,55.17181,22
"401",25.25817,55.30472,4
"402",25.27932,51.52245,1
"403",25.33737,55.41206,1
"404",25.447563,-80.537937,1
"405",25.54333,-103.4176,2
"406",25.60222,85.11936,2
"407",25.60339,-108.47935,1
"408",25.67506,-100.31846,3
"409",25.693713,-80.162825,1
"410",25.712601,-80.256995,2
"411",25.72149,-80.26838,1
"412",25.753332,-80.270379,1
"413",25.77427,-80.19366,14
"414",25.79065,-80.13005,3
"415",25.790654,-80.130046,3
"416",25.8507,-80.2366,1
"417",25.85106,88.24131,1
"418",25.85219,-80.207174,37
"419",25.8583,94.2,1
"420",25.88333,-97.5,1
"421",25.895005,-80.332455,2
"422",25.908575,-80.265122,1
"423",25.909526,-80.314393,1
"424",25.981203,-80.148379,1
"425",25.987314,-80.232271,1
"426",25.987869,-80.174769,2
"427",26,50.5,2
"428",26.057311,-80.271716,2
"429",26.067529,-80.275056,1
"430",26.114337,-80.37067,1
"431",26.121323,-80.127909,5
"432",26.12231,-80.14338,1
"433",26.142036,-81.79481,6
"434",26.15186,-80.45589,1
"435",26.15767,-80.28611,2
"436",26.18369,-98.12306,1
"437",26.234772,-80.120584,2
"438",26.271192,-80.270604,1
"439",26.310079,-80.23727,1
"440",26.315419,-98.16376,2
"441",26.33583,127.80139,1
"442",26.35869,-80.0831,1
"443",26.38268,59.54962,1
"444",26.39672,-98.18107,1
"445",26.422665,-80.071249,1
"446",26.42279,-81.80208,1
"447",26.449385,-80.100171,1
"448",26.450369,-98.276935,1
"449",26.457598,-80.081614,2
"450",26.600995,-80.038113,7
"451",26.61092,-80.242787,2
"452",26.621074,-81.878139,3
"453",26.645895,-80.430269,1
"454",26.64757,-80.43651,1
"455",26.6495,-98.34557,2
"456",26.664443,-80.174116,1
"457",26.71534,-80.05337,2
"458",26.715844,-80.070249,7
"459",26.76399,-77.33826,1
"460",26.81578,-81.106819,1
"461",26.848356,-80.087612,3
"462",26.88368,-82.29009,1
"463",26.91962,75.78781,1
"464",26.96811,-80.12865,1
"465",26.994,84.86981,1
"466",27,30,2
"467",27,107,5
"468",27.189748,-80.254768,4
"469",27.236473,-80.237943,2
"470",27.23998,87.14802,1
"471",27.3083,88.5583,2
"472",27.33333,-102,1
"473",27.402542,-82.523909,2
"474",27.422876,-97.84068,1
"475",27.70169,85.3206,1
"476",27.76503,-82.58253,5
"477",27.77086,-82.67927,4
"478",27.797802,-97.399067,2
"479",27.80058,-97.39638,1
"480",27.8333,-81.717,4
"481",27.901279,-81.591625,3
"482",27.909467,-82.787324,1
"483",27.934552,-82.3687,1
"484",27.9472222,-82.4586111,1
"485",27.94752,-82.45843,5
"486",27.948177,-82.465119,1
"487",27.96585,-82.8001,1
"488",27.965853,-82.800103,2
"489",27.97836,-81.75647,1
"490",27.9808,-82.461094,8
"491",27.996097,-82.582035,23
"492",28,112,6
"493",28.00878,-97.51827,1
"494",28.02057,-97.05443,1
"495",28.031367,-80.600412,1
"496",28.035908,-81.899669,2
"497",28.050018,-82.492873,1
"498",28.079357,-80.623618,1
"499",28.119579,-82.451959,1
"500",28.165519,-82.511384,2
"501",28.178068,-82.731767,1
"502",28.1833,76.6167,1
"503",28.18779,-82.73955,1
"504",28.325685,-80.623424,1
"505",28.331729,-82.300982,2
"506",28.375283,-99.13556,2
"507",28.46824,-16.25462,1
"508",28.476942,-82.434791,1
"509",28.481031,-81.543979,1
"510",28.51444,-80.42838,1
"511",28.53834,-81.37924,2
"512",28.545179,-81.373291,17
"513",28.58,77.33,3
"514",28.584025,-81.779423,1
"515",28.63333,-106.08333,1
"516",28.63576,77.22445,12
"517",28.65381,77.22897,1
"518",28.666625,-81.365039,1
"519",28.677775,-81.327846,1
"520",28.75054,-82.5001,212
"521",28.7577,-81.350772,1
"522",28.793491,-81.299169,1
"523",28.80388,-81.677298,2
"524",28.835256,-95.664676,1
"525",28.8355556,-82.3305556,1
"526",28.86192,-98.70641,1
"527",28.933304,-95.308271,1
"528",28.940109,-81.983397,1
"529",28.97155,77.71934,1
"530",29.049969,-98.399458,1
"531",29.051418,-81.553368,1
"532",29.059014,-98.63756,1
"533",29.095501,-82.656099,1
"534",29.0971,-110.95749,3
"535",29.136974,-81.023957,2
"536",29.194,-81.047652,2
"537",29.33271,-82.520888,1
"538",29.364973,-81.967032,1
"539",29.36901,-95.00565,2
"540",29.38384,-94.9027,1
"541",29.398532,-98.553981,1
"542",29.42412,-98.49363,1
"543",29.429067,-98.688376,1
"544",29.46079,-95.05132,2
"545",29.468413,-98.528889,8
"546",29.498803,-82.282721,1
"547",29.5,47.75,3
"548",29.545289,-98.556564,1
"549",29.56162,-98.22696,3
"550",29.648993,-82.324515,3
"551",29.65134,-95.588,2
"552",29.675246,-81.714808,2
"553",29.69106,-95.2091,3
"554",29.696878,-98.070726,2
"555",29.714914,-95.590933,2
"556",29.7630556,-95.3630556,1
"557",29.76328,-95.36327,12
"558",29.767336,-81.254359,1
"559",29.778282,-95.171877,2
"560",29.813142,-95.309789,34
"561",29.83399,-95.434241,1
"562",29.845783,-96.919704,4
"563",29.85728,-95.39234,1
"564",29.894691,-81.314517,1
"565",29.896494,-96.872133,1
"566",29.911385,-90.055722,1
"567",29.91218,-81.40989,1
"568",29.92619,-110.62929,1
"569",29.949674,-90.205801,9
"570",29.95465,-90.07507,6
"571",29.97067,-90.717399,1
"572",29.972907,-97.997166,7
"573",29.984643,-90.161821,1
"574",29.99171,-90.258065,1
"575",29.992596,-90.246611,1
"576",30,70,2
"577",30.06263,31.24967,3
"578",30.073712,-94.109705,1
"579",30.10244,-95.22966,1
"580",30.10631,-85.55715,1
"581",30.136378,-95.468467,1
"582",30.136972,-95.46836,2
"583",30.15161,-94.81221,1
"584",30.170475,-91.161216,1
"585",30.233355,-93.214903,1
"586",30.237991,-81.625052,1
"587",30.24171,-91.991044,2
"588",30.2669444,-97.7427778,2
"589",30.26715,-97.74306,7
"590",30.28353,-89.84896,1
"591",30.29469,-81.39314,2
"592",30.299917,-90.852875,1
"593",30.313385,-98.8936,2
"594",30.326374,-97.771258,44
"595",30.33218,-81.65565,6
"596",30.343141,-94.291868,1
"597",30.358652,-95.685746,1
"598",30.36269,-91.07094,1
"599",30.382966,-89.102426,4
"600",30.383156,-85.51506,1
"601",30.405229,-88.758742,1
"602",30.42018,-9.59815,3
"603",30.427753,-84.258472,3
"604",30.428781,-87.222516,2
"605",30.430044,-98.112655,2
"606",30.435349,-81.91928,1
"607",30.442737,-97.597055,1
"608",30.44924,-91.185607,2
"609",30.45075,-91.15455,1
"610",30.479087,-86.409948,2
"611",30.577149,-94.686315,2
"612",30.579623,-95.895889,1
"613",30.607221,-90.907376,2
"614",30.609093,-96.325984,1
"615",30.668034,-97.574706,4
"616",30.69795,-101.43706,1
"617",30.735396,-95.273431,1
"618",30.876229,-97.40205,2
"619",31,36,1
"620",31.00047,-92.0004,16
"621",31.036579,-93.306276,1
"622",31.071569,-86.356872,1
"623",31.106,-97.6475,4
"624",31.149208,-97.633196,1
"625",31.1801,-91.8749,12
"626",31.185738,-95.63856,7
"627",31.18887,-89.25786,1
"628",31.21564,29.95527,1
"629",31.224262,-82.359628,1
"630",31.245138,-89.28071,1
"631",31.25044,-99.25061,140
"632",31.27003,-98.943573,2
"633",31.301706,-94.641414,1
"634",31.33071,-109.54876,1
"635",31.33824,-94.7291,1
"636",31.347118,-94.714202,1
"637",31.387978,-110.912001,1
"638",31.41667,73.08333,1
"639",31.427404,-94.808544,1
"640",31.434967,-97.76753,1
"641",31.454294,-96.054693,1
"642",31.5,34.75,10
"643",31.54972,74.34361,3
"644",31.552011,-97.1382,3
"645",31.56406,-84.16407,1
"646",31.644008,-106.272524,1
"647",31.66667,35.25,1
"648",31.73333,-106.48333,1
"649",31.74959,34.98877,1
"650",31.763608,-106.484592,1
"651",31.765163,-102.354346,1
"652",31.76904,35.21633,4
"653",31.80238,-97.09167,1
"654",31.92157,35.20329,4
"655",31.932883,-110.895188,1
"656",31.956826,-81.323549,2
"657",32,-5,3
"658",32,53,2
"659",32.002099,-90.198975,1
"660",32.020271,-110.696546,3
"661",32.02498,-105.54175,1
"662",32.03071,-96.680546,1
"663",32.060643,-85.116624,1
"664",32.074679,-81.088261,3
"665",32.08088,34.78057,1
"666",32.089245,-83.783313,3
"667",32.154463,-98.02966,2
"668",32.189616,-96.873872,1
"669",32.217975,-110.970869,7
"670",32.22174,-110.92648,1
"671",32.258742,-99.539522,7
"672",32.285205,-81.287526,1
"673",32.29876,-90.18481,9
"674",32.321937,-95.302223,1
"675",32.33333,-64.75,1
"676",32.336836,-80.847799,1
"677",32.35265,-90.87788,1
"678",32.356988,-86.257817,6
"679",32.370699,-96.240533,7
"680",32.38653,-96.84833,1
"681",32.400366,-96.663418,1
"682",32.421034,-97.196279,1
"683",32.43347,-97.10251,1
"684",32.434599,-99.781827,2
"685",32.452638,-110.97366,1
"686",32.47098,-85.00077,1
"687",32.472864,-84.97823,1
"688",32.49042,-95.457457,3
"689",32.5027,-117.00371,1
"690",32.51599,-93.73212,1
"691",32.525152,-93.750179,1
"692",32.553769,-90.138906,2
"693",32.572828,-94.77593,1
"694",32.57903,-97.36252,1
"695",32.580181,-96.964675,1
"696",32.581306,-96.265477,1
"697",32.6030556,-98.215,5
"698",32.6445,-116.36252,1
"699",32.676856,-93.684885,1
"700",32.696799,-97.607774,1
"701",32.71209,-94.1213,1
"702",32.71533,-117.15726,20
"703",32.724103,-117.170912,49
"704",32.730188,-97.226936,1
"705",32.735687,-97.108066,3
"706",32.74513,-85.80746,1
"707",32.75041,-89.75036,5
"708",32.75041,-86.75026,18
"709",32.75042,-83.50018,40
"710",32.7673,-89.6812,1
"711",32.775409,-97.435599,9
"712",32.776671,-97.009389,2
"713",32.780326,-79.940844,10
"714",32.781179,-96.790329,36
"715",32.782264,-95.44337,3
"716",32.78306,-96.80667,10
"717",32.799602,-98.126806,1
"718",32.804382,-83.617554,1
"719",32.81841,34.9885,1
"720",32.847273,-79.820563,1
"721",32.87038,-101.630142,3
"722",32.88211,-95.9923,1
"723",32.928037,-97.283914,1
"724",32.931523,-96.615821,4
"725",32.948179,-96.729721,1
"726",33,44,3
"727",33,66,1
"728",33.016928,-116.846046,4
"729",33.019843,-96.698886,4
"730",33.0231,-97.14956,1
"731",33.044009,-95.26911,1
"732",33.05346,-90.3812,42
"733",33.055431,-112.271751,1
"734",33.057972,-80.010088,1
"735",33.087421,-112.016264,2
"736",33.093744,-96.087452,1
"737",33.1193,-117.185,2
"738",33.13845,-96.11081,1
"739",33.142475,-117.217818,1
"740",33.144219,-117.319439,1
"741",33.146336,-96.856347,2
"742",33.15845,-86.23858,6
"743",33.206265,-117.360474,1
"744",33.209841,-87.569174,3
"745",33.210751,-111.836839,1
"746",33.212186,-111.686171,1
"747",33.21484,-97.13307,2
"748",33.2159,-97.65445,1
"749",33.233184,-94.133243,2
"750",33.237913,-116.35351,1
"751",33.254191,-96.78524,1
"752",33.25484,-86.83527,1
"753",33.27365,-115.56916,1
"754",33.276539,-112.18717,1
"755",33.305783,-111.740992,1
"756",33.32706,-85.42801,4
"757",33.3495,-110.99262,1
"758",33.390477,-117.209427,1
"759",33.393933,-88.504719,1
"760",33.401395,-111.931298,3
"761",33.422269,-111.82264,5
"762",33.44734,-84.14686,1
"763",33.44838,-112.07404,30
"764",33.454138,-104.512814,1
"765",33.456412,-86.801904,1
"766",33.460036,-84.585773,6
"767",33.467013,-81.985239,2
"768",33.485903,-117.696366,3
"769",33.5,132.55,2
"770",33.50921,-111.899033,5
"771",33.517958,-89.361891,1
"772",33.52066,-86.80249,1
"773",33.529642,-79.04822,1
"774",33.531753,-112.177935,1
"775",33.538742,-96.510565,2
"776",33.542248,-117.78311,1
"777",33.544833,-111.957563,1
"778",33.554433,-81.69588,1
"779",33.558845,-112.129618,1
"780",33.5602778,-81.7197222,1
"781",33.57786,-101.85517,1
"782",33.58831,-7.61138,1
"783",33.59891,-117.28004,3
"784",33.608922,-91.207356,1
"785",33.640302,-117.769442,4
"786",33.640996,-112.37833,2
"787",33.64697,-117.68922,1
"788",33.652789,-112.308564,1
"789",33.658592,-117.173618,1
"790",33.660297,-117.999227,7
"791",33.6603,-117.99923,1
"792",33.66706,-93.59157,1
"793",33.667301,-116.963506,2
"794",33.670978,-116.259176,4
"795",33.67691,-117.77617,1
"796",33.678399,-117.911715,1
"797",33.68641,-117.66088,1
"798",33.705415,-108.761138,1
"799",33.71863,-116.30834,1
"800",33.719178,-84.002061,1
"801",33.72148,73.04329,2
"802",33.73974,-116.41279,1
"803",33.745573,-117.867834,2
"804",33.745851,-117.826166,4
"805",33.7488889,-84.3880556,1
"806",33.749,-84.38798,26
"807",33.75245,-117.993904,1
"808",33.752886,-116.055617,7
"809",33.753146,-118.367459,1
"810",33.755096,-84.402799,1
"811",33.756024,-118.201101,1
"812",33.757245,-117.750414,7
"813",33.76696,-118.18923,2
"814",33.767997,-85.172928,2
"815",33.7712,-111.3877,2
"816",33.77153,-84.22641,1
"817",33.77156,-78.784745,3
"818",33.773905,-117.941448,4
"819",33.786594,-118.298662,11
"820",33.787874,-117.852006,16
"821",33.797412,-84.197984,1
"822",33.798166,-90.978046,3
"823",33.801262,-117.148783,1
"824",33.803448,-118.168135,12
"825",33.81371,-85.76135,2
"826",33.8191,-80.9066,1
"827",33.83141,-118.28202,1
"828",33.83333,35.83333,2
"829",33.835665,-118.303805,3
"830",33.838529,-78.660551,1
"831",33.840572,-117.522825,1
"832",33.842567,-116.527996,2
"833",33.844371,-84.47405,51
"834",33.870292,-117.925338,4
"835",33.874815,-118.240208,1
"836",33.87983,-84.35159,1
"837",33.89585,-118.22007,1
"838",33.905544,-98.479881,2
"839",33.913678,-80.354238,1
"840",33.914775,-118.348083,1
"841",33.91667,76.66667,2
"842",33.924447,-118.218132,1
"843",33.937714,-118.193403,1
"844",33.942108,-118.417488,1
"845",33.952602,-84.549933,3
"846",33.953349,-117.396156,1
"847",33.960353,-84.037859,1
"848",33.96173,-84.02363,1
"849",33.96571,-81.07398,1
"850",33.973951,-118.248405,111
"851",33.979007,-118.457852,2
"852",33.98154,-81.23621,2
"853",33.981735,-91.5578,7
"854",33.987454,-81.024864,4
"855",33.988309,-83.879494,2
"856",33.992902,-83.353697,3
"857",33.993396,-118.465193,2
"858",33.997527,-81.097406,1
"859",33.998214,-118.394059,1
"860",34,9,5
"861",34.00043,-81.00009,26
"862",34.00168,-118.47202,1
"863",34.00473,-118.43091,1
"864",34.01945,-118.49119,2
"865",34.019454,-118.491191,4
"866",34.022789,-118.405633,1
"867",34.02665,-96.408962,1
"868",34.031415,-117.93647,2
"869",34.039034,-118.707992,3
"870",34.042286,-117.756106,1
"871",34.045611,-118.25043,1
"872",34.050272,-118.24334,1
"873",34.05223,-118.24368,101
"874",34.055198,-84.370475,1
"875",34.07062,-118.44455,1
"876",34.070628,-118.264756,1
"877",34.07251,-118.26063,1
"878",34.073202,-118.262019,1
"879",34.0739,-117.31365,1
"880",34.074331,-88.624898,1
"881",34.0901,-118.4065,1
"882",34.090728,-118.127527,2
"883",34.092017,-109.282882,2
"884",34.093828,-118.381697,2
"885",34.09668,-117.71978,1
"886",34.09834,-118.32674,5
"887",34.098343,-118.326743,11
"888",34.108345,-117.289765,1
"889",34.11195,-118.19896,1
"890",34.11417,-116.43224,1
"891",34.12331,-118.671028,1
"892",34.127398,-84.481787,1
"893",34.129737,-82.840971,7
"894",34.138897,-118.213962,3
"895",34.144013,-85.748018,1
"896",34.15112,-118.44925,2
"897",34.1528,-118.000482,1
"898",34.153733,-118.593408,2
"899",34.167227,-119.230664,6
"900",34.1692,-118.372498,1
"901",34.17051,-118.289463,1
"902",34.17334,-118.55397,1
"903",34.18084,-118.30897,2
"904",34.205503,-101.689923,1
"905",34.21639,-119.0376,1
"906",34.221257,-88.775002,1
"907",34.22593,-86.615271,1
"908",34.22834,-118.53675,4
"909",34.23314,-102.41075,71
"910",34.23621,-96.67861,1
"911",34.238208,-118.55029,1
"912",34.241733,-85.171591,2
"913",34.24207,73.53712,2
"914",34.2501,-117.29463,1
"915",34.26472,-118.52314,2
"916",34.271985,-77.963628,3
"917",34.286251,-78.138686,1
"918",34.293049,-84.176166,1
"919",34.30778,-118.44925,1
"920",34.330354,-102.907999,1
"921",34.330829,-119.358352,1
"922",34.334398,-83.837912,3
"923",34.35009,-86.3097,1
"924",34.375144,-118.511439,1
"925",34.405045,-119.520525,1
"926",34.41278,-117.77395,1
"927",34.42083,-119.69819,3
"928",34.421897,-119.707135,3
"929",34.42711,-77.54608,1
"930",34.436663,-119.632075,3
"931",34.440891,-118.501748,2
"932",34.448755,-117.411053,1
"933",34.489728,-106.843685,1
"934",34.491673,-118.146226,1
"935",34.5003,-111.50098,35
"936",34.50034,-106.00085,14
"937",34.506502,-82.605626,1
"938",34.517035,-78.160423,2
"939",34.521702,-110.110981,1
"940",34.541308,-112.250887,1
"941",34.547749,-97.933279,2
"942",34.562011,-118.121676,1
"943",34.591349,-112.426312,1
"944",34.608016,-87.011052,1
"945",34.62154,73.00312,1
"946",34.643795,-86.818118,1
"947",34.681567,-82.815832,1
"948",34.683199,-118.180486,1
"949",34.704526,-85.281914,1
"950",34.718428,-86.556439,2
"951",34.719318,-91.113209,1
"952",34.72209,-82.392453,1
"953",34.734162,-82.031105,3
"954",34.74481,-87.66753,1
"955",34.746481,-92.289595,4
"956",34.749038,-103.373032,1
"957",34.75405,-77.43024,1
"958",34.839964,-115.967051,1
"959",34.848567,-82.402871,3
"960",34.909886,-111.867252,1
"961",34.910355,-85.48024,1
"962",34.91569,-82.31192,1
"963",34.934028,-82.010697,1
"964",34.94808,127.48947,1
"965",34.95537,-90.03481,1
"966",34.96667,32.425,1
"967",34.971283,-78.517812,1
"968",34.99862,137.05,1
"969",35,33,2
"970",35,38,2
"971",35.017818,-85.206426,3
"972",35.039018,-94.356389,2
"973",35.04859,-78.82744,1
"974",35.055779,-92.692323,2
"975",35.061853,-117.944167,2
"976",35.062187,-94.047297,1
"977",35.067397,-117.948638,1
"978",35.0748,-78.884257,1
"979",35.084491,-106.651137,7
"980",35.107669,-120.565037,1
"981",35.124625,-117.999042,9
"982",35.125624,-118.021353,247
"983",35.125849,-76.977181,1
"984",35.13333,129.05,1
"985",35.133479,-90.03664,1
"986",35.146252,-96.627985,1
"987",35.14953,-90.04898,9
"988",35.15923,-98.44228,4
"989",35.168227,-86.601925,1
"990",35.169255,-89.990415,4
"991",35.187133,-117.885359,30
"992",35.204533,-89.873975,1
"993",35.20603,-101.839602,1
"994",35.208566,-97.44451,4
"995",35.214396,-117.778291,1
"996",35.217588,-90.003423,1
"997",35.221997,-101.831297,2
"998",35.22257,-97.43948,1
"999",35.2269444,-80.8433333,2
"1000",35.22709,-80.84313,8
"1001",35.242923,-77.51666,1
"1002",35.2485,-78.55529,3
"1003",35.251832,-119.847771,1
"1004",35.26002,-80.804151,18
"1005",35.260468,-82.553068,3
"1006",35.265573,-120.62122,1
"1007",35.303919,-119.942784,1
"1008",35.322963,-86.368607,2
"1009",35.32304,-79.428264,1
"1010",35.32787,25.14341,1
"1011",35.342952,-97.497906,1
"1012",35.3573,-80.2044,1
"1013",35.37329,-119.01871,1
"1014",35.384337,-119.020562,1
"1015",35.398959,-120.862432,3
"1016",35.402295,-120.793742,10
"1017",35.41665,-115.58416,2
"1018",35.42677,-83.08514,1
"1019",35.432344,-92.365758,2
"1020",35.44778,139.6425,2
"1021",35.462689,-81.400503,1
"1022",35.462981,-80.672531,1
"1023",35.466736,-80.614369,1
"1024",35.46756,-97.51643,6
"1025",35.49062,-86.07476,2
"1026",35.491608,-97.562817,6
"1027",35.50051,-119.27178,1
"1028",35.50069,-80.00032,12
"1029",35.50472,11.06222,6
"1030",35.512564,-119.287613,1
"1031",35.51876,-97.249071,3
"1032",35.52056,139.71722,1
"1033",35.53125,-81.0298,1
"1034",35.541767,-77.005708,4
"1035",35.580444,-77.392609,1
"1036",35.58537,-83.69184,3
"1037",35.58672,-97.507599,16
"1038",35.587748,-120.954454,1
"1039",35.590326,-117.692883,29
"1040",35.602711,-82.567281,5
"1041",35.61452,-88.81395,1
"1042",35.637189,-81.270977,1
"1043",35.6411,-79.8431,2
"1044",35.64146,139.69817,1
"1045",35.676651,-113.620551,1
"1046",35.680441,-80.45316,1
"1047",35.68536,139.75309,7
"1048",35.688378,-84.076895,3
"1049",35.6895,139.69171,9
"1050",35.69439,51.42151,3
"1051",35.697473,-105.982146,3
"1052",35.701371,-79.832228,3
"1053",35.7262,49.283,1
"1054",35.73319,-81.3412,1
"1055",35.737569,-87.473903,1
"1056",35.75035,-86.25027,1
"1057",35.762951,-86.372158,1
"1058",35.7721,-78.63861,3
"1059",35.780678,-88.698441,1
"1060",35.781848,-80.203546,1
"1061",35.790466,-119.235367,1
"1062",35.850295,-79.023205,6
"1063",35.87952,-84.5641,1
"1064",35.88904,-82.83104,12
"1065",35.88919,-106.07975,1
"1066",35.911304,-94.911331,1
"1067",35.91667,14.43333,1
"1068",35.9437,-96.21361,1
"1069",35.949453,-78.907488,1
"1070",35.95283,39.00788,2
"1071",35.96064,-83.92074,3
"1072",35.962348,-85.051431,1
"1073",35.974602,-94.190997,6
"1074",35.982273,-84.03196,1
"1075",35.982414,-78.551748,2
"1076",35.98787,-95.13635,1
"1077",35.99403,-78.89862,1
"1078",35.999829,-114.975811,1
"1079",36.004647,-79.054475,2
"1080",36.00484,-82.25068,1
"1081",36.01683,-75.66629,1
"1082",36.018775,-86.123475,5
"1083",36.019381,-84.243175,1
"1084",36.036566,-115.080923,1
"1085",36.039147,-95.868667,7
"1086",36.046202,-79.608882,1
"1087",36.0526,-95.79082,1
"1088",36.06109,-112.17434,2
"1089",36.069144,-79.765156,2
"1090",36.070864,-79.409117,49
"1091",36.081691,-86.138227,1
"1092",36.084444,-96.587285,1
"1093",36.093764,-120.110888,1
"1094",36.095087,-86.140581,1
"1095",36.09719,-115.14666,1
"1096",36.1048,-84.59716,1
"1097",36.111102,-80.200493,2
"1098",36.133527,-119.299856,1
"1099",36.151606,-92.905555,1
"1100",36.15398,-95.99278,1
"1101",36.165688,-86.778098,19
"1102",36.16589,-86.78444,3
"1103",36.17,-119.7462,3
"1104",36.17497,-115.13722,16
"1105",36.1833,-5.3667,1
"1106",36.20124,37.16117,1
"1107",36.222156,-81.699784,1
"1108",36.24107,-116.01755,1
"1109",36.28414,-119.117902,1
"1110",36.294218,-91.747332,1
"1111",36.296908,-115.174211,3
"1112",36.301068,-115.206969,43
"1113",36.309559,-88.299615,1
"1114",36.330485,-82.317625,1
"1115",36.33256,-88.2581,1
"1116",36.347107,-94.223419,2
"1117",36.358275,-79.742001,1
"1118",36.424766,-84.090654,1
"1119",36.429239,-105.554532,1
"1120",36.504515,-105.62924,1
"1121",36.51543,-4.88583,1
"1122",36.522633,-87.334932,1
"1123",36.522748,-79.696721,1
"1124",36.531703,-82.192545,2
"1125",36.538846,-87.364887,28
"1126",36.549422,-87.373123,1
"1127",36.561541,-76.201047,1
"1128",36.57485,-121.840727,5
"1129",36.574902,-121.722552,2
"1130",36.57983,-82.2643,1
"1131",36.588208,-76.684677,3
"1132",36.591507,-121.901997,1
"1133",36.59589,-91.6457,1
"1134",36.613815,-82.176238,1
"1135",36.625349,-88.279562,1
"1136",36.63588,-86.19221,1
"1137",36.66062,-78.387883,1
"1138",36.680918,-121.806577,1
"1139",36.70647,-84.56744,1
"1140",36.72016,-4.42034,1
"1141",36.72736,-4.85761,1
"1142",36.74432,-94.529129,1
"1143",36.745738,-85.181967,1
"1144",36.74773,-119.77237,1
"1145",36.75959,-77.38525,1
"1146",36.759872,-76.590785,3
"1147",36.825296,-119.68019,1
"1148",36.835426,-76.298274,1
"1149",36.83814,-2.45974,2
"1150",36.84314,-83.32185,1
"1151",36.844004,-76.12036,5
"1152",36.85293,-75.97798,1
"1153",36.862603,-119.734947,3
"1154",36.874916,-76.553061,1
"1155",36.895911,-76.208521,1
"1156",36.896515,-95.925953,2
"1157",36.9,7.76667,1
"1158",36.90403,-84.397632,1
"1159",36.928286,-120.182423,1
"1160",36.968284,-121.900235,1
"1161",36.96957,-93.18885,1
"1162",36.974658,-112.978914,1
"1163",36.9748,37.4987,2
"1164",36.983561,-121.980517,1
"1165",36.998417,-76.376682,3
"1166",37.00167,35.32889,3
"1167",37.01273,-119.65264,1
"1168",37.017407,-86.451752,3
"1169",37.02089,-93.20602,1
"1170",37.02745,-93.3303,1
"1171",37.031948,-121.94972,1
"1172",37.052748,-122.111126,2
"1173",37.058296,-76.463471,1
"1174",37.06399,-76.49475,1
"1175",37.06803,-81.51675,4
"1176",37.07333,22.42972,2
"1177",37.095,-3.3969,1
"1178",37.12,-93.48,2
"1179",37.15117,-88.732,1
"1180",37.189396,-121.705327,7
"1181",37.20109,-113.26967,1
"1182",37.20752,-81.52777,7
"1183",37.222788,-121.983274,2
"1184",37.230251,-76.524359,1
"1185",37.25022,-119.75126,28
"1186",37.25807,-93.343673,3
"1187",37.283482,-77.294978,3
"1188",37.29393,-87.12333,1
"1189",37.299458,-87.532576,1
"1190",37.3112,-83.33935,1
"1191",37.31667,-6.84139,1
"1192",37.318364,-107.880367,1
"1193",37.320744,-77.454311,1
"1194",37.323275,-121.931623,1
"1195",37.32685,-87.475563,1
"1196",37.329217,-86.364699,1
"1197",37.32922,-86.3647,1
"1198",37.337416,-85.357952,1
"1199",37.33939,-121.89496,2
"1200",37.342069,-120.480228,1
"1201",37.345785,-120.42415,1
"1202",37.35,38.8167,1
"1203",37.357472,-122.144416,3
"1204",37.359607,-79.141653,2
"1205",37.37,-122.04,4
"1206",37.370194,-122.218176,1
"1207",37.381144,-122.334825,1
"1208",37.38241,-5.97613,2
"1209",37.38605,-122.08385,1
"1210",37.388556,-122.01774,4
"1211",37.408345,-120.667772,1
"1212",37.42509,-122.1675,2
"1213",37.439616,-122.186373,1
"1214",37.441123,-77.315342,6
"1215",37.44188,-122.14302,1
"1216",37.444122,-122.149915,7
"1217",37.447671,-79.83595,1
"1218",37.459223,-76.888656,1
"1219",37.5,36.0833,1
"1220",37.510085,-122.473404,1
"1221",37.526661,-121.583391,1
"1222",37.531296,-77.416103,1
"1223",37.534102,-122.025352,1
"1224",37.54812,-77.44675,56
"1225",37.565285,-121.982721,1
"1226",37.56826,126.97783,5
"1227",37.5832,34.6837,1
"1228",37.58327,-122.40108,1
"1229",37.58333,14.43333,1
"1230",37.5847,36.9264,1
"1231",37.60566,-82.32431,1
"1232",37.609434,-118.865636,2
"1233",37.616774,-122.480015,1
"1234",37.61859,-112.74272,2
"1235",37.630623,-82.712576,1
"1236",37.642187,-118.99481,1
"1237",37.651974,-97.258997,2
"1238",37.669,-84.6514,10
"1239",37.669463,-121.016796,2
"1240",37.676732,-92.043738,2
"1241",37.680181,-121.921498,1
"1242",37.687509,-122.438783,1
"1243",37.714402,-121.906329,2
"1244",37.71636,-97.29723,1
"1245",37.739004,-89.209109,1
"1246",37.74916,-81.05239,1
"1247",37.76423,-122.42695,1
"1248",37.764867,-84.296913,1
"1249",37.768575,-121.918551,1
"1250",37.77493,-122.41942,44
"1251",37.784827,-122.727802,65
"1252",37.786027,-122.223779,11
"1253",37.792536,-122.39406,1
"1254",37.832075,-121.916718,2
"1255",37.84033,-87.07277,2
"1256",37.860576,-122.29673,12
"1257",37.86591,-0.79256,2
"1258",37.866238,-84.579491,1
"1259",37.881309,-122.158259,1
"1260",37.889525,-122.29828,1
"1261",37.895707,-121.092155,1
"1262",37.901223,-122.120089,1
"1263",37.925525,-83.913328,2
"1264",37.92941,-88.1376,1
"1265",37.954312,-97.88569,2
"1266",37.9577,-121.29078,3
"1267",37.97945,23.71622,3
"1268",37.98704,-1.13004,1
"1269",37.98869,-84.47772,10
"1270",37.99726,-91.61432,2
"1271",38,-97,18
"1272",38,102,2
"1273",38.037877,-122.269383,1
"1274",38.03922,-4.05078,1
"1275",38.057169,-103.720039,1
"1276",38.06247,-0.86822,1
"1277",38.06826,-120.53965,1
"1278",38.101506,-121.29957,2
"1279",38.10742,-122.5697,2
"1280",38.134068,-122.52719,1
"1281",38.177464,-107.72736,1
"1282",38.188962,-85.676819,14
"1283",38.2,28.15,1
"1284",38.20042,-84.87762,20
"1285",38.20337,-92.62352,1
"1286",38.2113889,-77.1397222,1
"1287",38.222445,-85.172072,1
"1288",38.244889,-122.135862,4
"1289",38.25005,-89.7501,4
"1290",38.25031,-92.50046,26
"1291",38.265366,-122.822588,1
"1292",38.284427,-83.411563,1
"1293",38.29103,-121.31106,2
"1294",38.293234,-104.536493,1
"1295",38.295135,-77.483689,1
"1296",38.29714,-122.28553,1
"1297",38.31555,-93.327381,1
"1298",38.316176,-91.631137,2
"1299",38.32429,-76.5169,7
"1300",38.34517,-0.48149,1
"1301",38.350839,-120.931641,1
"1302",38.353549,-120.932702,2
"1303",38.35839,-86.31776,1
"1304",38.380456,-121.555406,5
"1305",38.383854,-122.557253,1
"1306",38.41088,-87.76142,1
"1307",38.41273,27.13838,3
"1308",38.414811,-122.546653,2
"1309",38.4207,-77.45743,1
"1310",38.422777,-78.877137,2
"1311",38.4333,38.6,1
"1312",38.434153,-96.152766,1
"1313",38.450412,-122.783159,1
"1314",38.4623,-92.302,1
"1315",38.46435,-89.973877,10
"1316",38.47172,-90.61818,2
"1317",38.485382,-122.85224,1
"1318",38.494029,-92.165194,2
"1319",38.5,-0.5,2
"1320",38.50029,-98.50063,15
"1321",38.50038,-80.50009,2
"1322",38.5111,-96.8005,1
"1323",38.528323,-107.037294,1
"1324",38.53287,-81.86124,2
"1325",38.55413,-121.798469,2
"1326",38.56085,-77.296099,1
"1327",38.58157,-121.4944,3
"1328",38.586994,-89.937325,4
"1329",38.591854,-121.537801,1
"1330",38.593285,-76.898714,1
"1331",38.59885,-0.05139,12
"1332",38.603783,-76.867928,1
"1333",38.61556,-90.27806,1
"1334",38.62136,-121.332191,1
"1335",38.62727,-90.19789,2
"1336",38.631501,-90.19231,2
"1337",38.64068,-90.44341,21
"1338",38.666597,-121.141636,1
"1339",38.66855,-121.3813,1
"1340",38.671448,-85.709688,1
"1341",38.6833,-75.33954,1
"1342",38.689832,-77.836115,1
"1343",38.700871,-120.730555,2
"1344",38.704208,-121.385553,1
"1345",38.704562,-78.446119,1
"1346",38.71667,-9.13333,9
"1347",38.71905,1.45871,1
"1348",38.72452,-83.01323,1
"1349",38.74013,-93.995995,1
"1350",38.74073,-121.25603,2
"1351",38.762847,-84.352437,2
"1352",38.77456,-75.13935,1
"1353",38.80484,-77.04692,7
"1354",38.817192,-121.15026,3
"1355",38.823944,-90.742745,3
"1356",38.831813,-77.288755,1
"1357",38.83469,-77.27622,1
"1358",38.84511,-76.87497,1
"1359",38.854672,-120.830282,1
"1360",38.856062,-101.764693,7
"1361",38.8573,34.7464,2
"1362",38.861469,-104.857828,7
"1363",38.8766,-6.9684,1
"1364",38.877956,-120.986029,1
"1365",38.885867,-76.904972,22
"1366",38.888446,-76.906918,4
"1367",38.894165,-92.274145,1
"1368",38.895,-77.0366667,2
"1369",38.89511,-77.03637,17
"1370",38.895112,-77.036366,151
"1371",38.8964,-77.0262,3
"1372",38.896946,-77.002037,1
"1373",38.897361,-77.253749,1
"1374",38.89761,-77.03637,2
"1375",38.8996,-94.638358,5
"1376",38.899901,-94.831991,1
"1377",38.907913,-81.082126,2
"1378",38.911994,-94.351673,5
"1379",38.91706,-77.00025,27
"1380",38.92505,-87.01945,1
"1381",38.93324,-119.98435,2
"1382",38.940787,-77.21592,1
"1383",38.94278,-76.73028,1
"1384",38.944827,-86.010789,1
"1385",38.950251,-105.063969,1
"1386",38.955944,-76.94553,2
"1387",38.95823,-122.62637,1
"1388",38.96146,-77.3418,2
"1389",38.96275,-9.41563,1
"1390",38.983887,-77.367457,1
"1391",38.98775,-76.5528,5
"1392",38.988075,-95.780662,1
"1393",38.99399,-80.23203,1
"1394",38.99417,-80.26974,1
"1395",38.99546,-119.93657,1
"1396",39,-6,1
"1397",39,22,5
"1398",39.00027,-105.50083,37
"1399",39.00039,-76.74997,3
"1400",39.00039,-75.49992,18
"1401",39.01695,-94.28161,1
"1402",39.023141,-75.48191,1
"1403",39.02315,-94.669467,5
"1404",39.023294,-95.208909,2
"1405",39.029839,-77.234792,1
"1406",39.036289,-77.010948,7
"1407",39.041947,-78.748279,1
"1408",39.044554,-77.118868,1
"1409",39.04756,-84.89356,2
"1410",39.056261,-84.478742,1
"1411",39.05901,34.91155,1
"1412",39.09973,-94.57857,9
"1413",39.102404,-94.598583,13
"1414",39.121745,-76.4953,3
"1415",39.13145,-84.51633,1
"1416",39.139336,-77.182953,1
"1417",39.143979,-77.207617,1
"1418",39.15017,-123.20778,1
"1419",39.154485,-119.73074,1
"1420",39.166759,-84.53822,9
"1421",39.169668,-78.16856,1
"1422",39.19553,-84.54277,1
"1423",39.196288,-120.95855,2
"1424",39.205756,-76.753093,1
"1425",39.206132,-76.887905,1
"1426",39.20738,9.13462,1
"1427",39.209967,-94.514665,1
"1428",39.21399,-79.63701,1
"1429",39.217047,-77.807494,2
"1430",39.228,36.9391,3
"1431",39.236405,-76.941902,1
"1432",39.25021,-116.75119,11
"1433",39.25066,-76.52052,1
"1434",39.253107,-85.946384,1
"1435",39.261802,-96.333203,1
"1436",39.27976,-87.03307,1
"1437",39.296536,-76.623489,18
"1438",39.305536,-123.803091,1
"1439",39.3081,-86.48333,1
"1440",39.314617,-77.789387,1
"1441",39.33333,-0.83333,2
"1442",39.335,34.1806,2
"1443",39.337384,-82.991332,1
"1444",39.339279,-82.013803,1
"1445",39.348254,-76.450398,1
"1446",39.3498,-75.5148,2
"1447",39.4,-123.81667,1
"1448",39.413446,-81.351051,2
"1449",39.438964,-76.592139,1
"1450",39.44307,-76.61632,3
"1451",39.443551,-77.33294,1
"1452",39.44758,-80.825383,1
"1453",39.463018,-83.844424,1
"1454",39.46667,16.41667,1
"1455",39.46883,-74.63373,1
"1456",39.46975,-0.37739,3
"1457",39.47353,-118.77737,2
"1458",39.473542,-105.284448,1
"1459",39.499909,-76.231177,2
"1460",39.507,-84.74523,1
"1461",39.511568,-85.791993,1
"1462",39.51566,-77.07332,3
"1463",39.516169,-84.376331,1
"1464",39.523937,-86.250268,1
"1465",39.525749,-119.813051,5
"1466",39.540398,-119.749111,3
"1467",39.55388,-104.96943,1
"1468",39.5567,34.6133,1
"1469",39.56742,2.98189,1
"1470",39.573145,-78.849744,1
"1471",39.580461,-106.417574,2
"1472",39.585343,-76.392164,1
"1473",39.597937,-105.010182,2
"1474",39.601504,-75.06712,1
"1475",39.609911,-79.983141,2
"1476",39.614737,-75.701277,1
"1477",39.641788,-79.951903,6
"1478",39.64777,-104.98776,1
"1479",39.649646,-84.526846,3
"1480",39.683484,-75.589884,4
"1481",39.68456,-75.63687,1
"1482",39.689504,-84.168827,2
"1483",39.69406,-120.67661,1
"1484",39.6945,-8.13057,7
"1485",39.718539,-105.245659,1
"1486",39.723898,-121.572986,1
"1487",39.726303,-104.856808,20
"1488",39.73915,-104.9847,3
"1489",39.744773,-105.115977,1
"1490",39.746159,-121.840083,4
"1491",39.750471,-84.268593,5
"1492",39.75895,-84.19161,1
"1493",39.76,-98.5,740
"1494",39.76838,-86.15804,6
"1495",39.77143,-88.87424,1
"1496",39.77485,-84.674889,1
"1497",39.775092,-86.13216,10
"1498",39.779,-76.11662,1
"1499",39.80237,-74.938259,1
"1500",39.8044,-75.4649,1
"1501",39.807558,-84.196885,2
"1502",39.82148,-78.03528,2
"1503",39.8218,34.3174,1
"1504",39.830822,-105.03747,2
"1505",39.8453,33.5064,14
"1506",39.862044,-83.096817,1
"1507",39.8647,-86.2604,35
"1508",39.86595,-75.17879,1
"1509",39.866,-74.25003,3
"1510",39.866442,-84.424671,1
"1511",39.8765,39.4966,1
"1512",39.89061,-84.19883,1
"1513",39.9012,36.3419,1
"1514",39.90153,-74.92957,1
"1515",39.9075,116.39723,1
"1516",39.91312,-83.16241,2
"1517",39.91987,32.85427,1
"1518",39.927059,-83.813228,1
"1519",39.93759,-77.6611,2
"1520",39.95234,-75.16379,19
"1521",39.97314,-75.74845,1
"1522",39.980107,-75.610503,2
"1523",39.982211,-104.737095,2
"1524",39.983153,-75.748055,1
"1525",40,-4,12
"1526",40,60,1
"1527",40.00032,-89.25037,44
"1528",40.00032,-86.25027,28
"1529",40.001811,-75.11787,49
"1530",40.004407,-82.467105,1
"1531",40.019231,-82.879345,1
"1532",40.037576,-82.939865,1
"1533",40.046221,-75.359911,1
"1534",40.05704,-76.55219,1
"1535",40.05995,-74.10992,3
"1536",40.072891,-78.1398,3
"1537",40.074263,-76.492743,1
"1538",40.076553,-76.31068,2
"1539",40.093119,-83.017962,1
"1540",40.100924,-83.013402,16
"1541",40.106712,-84.966076,1
"1542",40.106891,-74.329323,1
"1543",40.10965,-75.27962,2
"1544",40.11642,-88.24338,1
"1545",40.116603,-82.928159,1
"1546",40.11995,-111.67031,12
"1547",40.13018,-75.331629,1
"1548",40.13056,-95.61415,1
"1549",40.136234,-87.636466,4
"1550",40.14595,-74.0268,1
"1551",40.14821,16.53889,2
"1552",40.15085,-8.86179,1
"1553",40.151764,-74.959683,1
"1554",40.152593,-76.750247,1
"1555",40.16706,-74.49987,77
"1556",40.174246,-74.821857,1
"1557",40.1765,-75.5697,1
"1558",40.189788,-105.35528,1
"1559",40.19338,-85.38636,1
"1560",40.1958,34.8708,1
"1561",40.20564,-8.41955,1
"1562",40.20735,-3.57063,1
"1563",40.21094,-75.27823,1
"1564",40.21894,-83.96077,1
"1565",40.219809,-79.495329,21
"1566",40.226084,-78.553714,1
"1567",40.228497,-79.721983,1
"1568",40.235053,-111.695558,1
"1569",40.25034,-83.00018,45
"1570",40.258655,-76.894376,1
"1571",40.267651,-83.376632,1
"1572",40.27245,-76.90567,13
"1573",40.273955,-75.3838,1
"1574",40.280531,-74.712018,2
"1575",40.2874,-76.93482,1
"1576",40.292691,-79.558332,1
"1577",40.30387,-104.75108,1
"1578",40.311353,-111.72496,3
"1579",40.32757,-80.0395,1
"1580",40.329537,-75.965212,1
"1581",40.33693,-104.9122,1
"1582",40.343625,-74.693953,2
"1583",40.345863,-103.505721,2
"1584",40.357242,-75.940153,4
"1585",40.3584,-74.0681,1
"1586",40.3736,-82.7755,1
"1587",40.38897,-3.74569,1
"1588",40.39733,-74.07042,1
"1589",40.40649,-75.50185,1
"1590",40.4165,-3.70256,15
"1591",40.422955,-74.549761,1
"1592",40.423682,-78.440378,1
"1593",40.42526,-3.69063,1
"1594",40.42624,-79.76053,1
"1595",40.430006,-74.417344,2
"1596",40.44062,-79.99589,4
"1597",40.441736,-79.881994,1
"1598",40.442011,-81.170166,1
"1599",40.445602,-74.840322,1
"1600",40.459581,-78.771875,1
"1601",40.466773,-74.268201,1
"1602",40.47441,-79.950968,16
"1603",40.489905,-80.599471,1
"1604",40.494459,-77.745127,1
"1605",40.5,47.5,7
"1606",40.50786,-74.863283,3
"1607",40.51307,-121.673805,5
"1608",40.54746,-3.64197,1
"1609",40.5476,-75.5613,3
"1610",40.569992,-111.85254,1
"1611",40.5773,-77.264,2
"1612",40.590516,-105.105526,1
"1613",40.594597,-105.127416,1
"1614",40.598936,-79.762208,1
"1615",40.602658,-75.469236,1
"1616",40.623632,-74.093323,2
"1617",40.635922,-76.4119,1
"1618",40.64828,-111.93188,1
"1619",40.6501,-73.94958,10
"1620",40.65069,-123.11263,5
"1621",40.652531,-111.501916,2
"1622",40.65371,-73.93042,1
"1623",40.65502,29.27693,1
"1624",40.658909,-74.396526,2
"1625",40.6598,-74.30859,1
"1626",40.672435,-84.126166,1
"1627",40.675793,-73.944375,1
"1628",40.6808,-74.013883,2
"1629",40.68295,-94.52853,1
"1630",40.68344,-73.94125,1
"1631",40.684546,-73.850708,1
"1632",40.691917,-73.85666,1
"1633",40.693137,-89.589847,1
"1634",40.694481,-73.989319,52
"1635",40.6959,-80.01173,1
"1636",40.696298,-77.995133,52
"1637",40.698031,-76.920602,1
"1638",40.702898,-74.010241,1
"1639",40.707742,-95.907718,1
"1640",40.707756,-74.011703,1
"1641",40.713133,-74.081516,1
"1642",40.714269,-74.005973,267
"1643",40.72371,-73.95097,1
"1644",40.72404,-73.82006,1
"1645",40.7291,-74.266541,2
"1646",40.73094,-74.07594,2
"1647",40.742185,-73.992602,145
"1648",40.74399,-74.03236,2
"1649",40.746851,-74.033934,2
"1650",40.748575,-74.233795,1
"1651",40.74927,-73.64068,1
"1652",40.750932,-84.104951,1
"1653",40.756095,-111.900719,9
"1654",40.759136,-89.604123,1
"1655",40.76078,-111.89105,2
"1656",40.7625,-73.97444,1
"1657",40.76495,-111.84855,1
"1658",40.765926,-73.985443,1
"1659",40.767043,-72.996219,1
"1660",40.770808,-73.92516,1
"1661",40.77893,-77.841359,1
"1662",40.786527,-74.193777,1
"1663",40.787006,-74.325993,1
"1664",40.8,-96.66696,2
"1665",40.80178,-73.220989,9
"1666",40.80427,-74.01208,1
"1667",40.810246,-73.191789,1
"1668",40.81677,-73.06622,1
"1669",40.82226,-86.11555,1
"1670",40.82444,140.74,1
"1671",40.830699,-81.895377,2
"1672",40.83333,14.25,1
"1673",40.839348,-73.843611,1
"1674",40.84985,-73.86641,7
"1675",40.857049,-74.227109,1
"1676",40.86173,-78.730307,1
"1677",40.865142,-96.823133,6
"1678",40.866948,-73.362512,1
"1679",40.87471,-76.006737,1
"1680",40.877949,-74.141237,1
"1681",40.881383,-123.984232,1
"1682",40.883949,-73.952423,1
"1683",40.892072,-97.347235,5
"1684",40.909838,-73.83389,1
"1685",40.910025,-79.945191,1
"1686",40.911999,-74.170965,2
"1687",40.915,-80.7458333,1
"1688",40.91677,-74.17181,1
"1689",40.91757,-73.784858,1
"1690",40.92201,14.53294,2
"1691",40.942281,-80.835916,1
"1692",40.95977,-74.07441,1
"1693",40.971739,-75.021444,1
"1694",40.977988,-83.333801,12
"1695",40.993883,-76.847896,1
"1696",41.01384,28.94966,11
"1697",41.01667,70.14361,1
"1698",41.02252,29.02369,1
"1699",41.02778,37.50139,3
"1700",41.03399,-73.76291,1
"1701",41.042746,-73.62617,1
"1702",41.059124,-74.133441,1
"1703",41.07482,-73.77513,4
"1704",41.078015,-85.140883,1
"1705",41.083159,-74.185895,1
"1706",41.089703,-73.844034,1
"1707",41.109975,-81.855048,1
"1708",41.111151,-87.874618,1
"1709",41.12902,1.24901,3
"1710",41.130604,-85.12886,2
"1711",41.13363,-8.61742,4
"1712",41.13701,-77.44693,1
"1713",41.144496,-73.343261,1
"1714",41.178743,-112.052525,1
"1715",41.19469,-73.64686,1
"1716",41.195479,-105.84162,5
"1717",41.199622,-76.381977,1
"1718",41.20202,-77.26442,3
"1719",41.232641,-83.949391,1
"1720",41.243648,-75.885029,1
"1721",41.244023,-81.476335,2
"1722",41.244261,-112.007924,1
"1723",41.25861,-95.93779,3
"1724",41.271095,-73.38634,1
"1725",41.272452,-72.940335,1
"1726",41.28346,-70.09946,1
"1727",41.291736,-96.171104,5
"1728",41.294649,-82.227628,1
"1729",41.29533,-82.21932,1
"1730",41.298166,-89.036619,1
"1731",41.3056,-81.949111,9
"1732",41.308873,-73.363661,3
"1733",41.314603,-81.745102,2
"1734",41.331192,-79.17368,2
"1735",41.342883,-85.823785,1
"1736",41.344001,-77.086198,1
"1737",41.34882,-72.89986,1
"1738",41.35565,-72.09952,2
"1739",41.365709,-72.927507,5
"1740",41.376449,-83.613714,1
"1741",41.37732,2.08809,1
"1742",41.38879,2.15899,14
"1743",41.39676,-73.07594,1
"1744",41.396952,-92.43352,1
"1745",41.401176,-70.552054,1
"1746",41.40392,2.20413,1
"1747",41.408137,-73.249671,1
"1748",41.419878,-84.013674,1
"1749",41.42787,-74.16598,1
"1750",41.47343,-74.53849,1
"1751",41.48399,-71.2756,1
"1752",41.486689,-73.491042,1
"1753",41.487552,-71.327084,1
"1754",41.48899,-71.73035,1
"1755",41.489381,-81.667486,12
"1756",41.490967,-81.921513,2
"1757",41.4942,-87.52171,2
"1758",41.4995,-81.69541,2
"1759",41.50392,-87.7131,1
"1760",41.50482,-73.96958,2
"1761",41.509668,-88.180211,4
"1762",41.518359,-74.414801,1
"1763",41.520052,-81.556235,3
"1764",41.52426,-72.07591,1
"1765",41.535055,-80.962315,2
"1766",41.535057,-83.577701,2
"1767",41.536716,-85.943886,1
"1768",41.539797,-75.719723,3
"1769",41.55005,-85.232752,1
"1770",41.550139,-72.655357,1
"1771",41.554509,-73.72667,1
"1772",41.56667,2.01667,1
"1773",41.598339,-72.601307,2
"1774",41.60334,-98.9262,1
"1775",41.61667,0.61667,1
"1776",41.630449,-93.753628,1
"1777",41.633416,-70.951045,1
"1778",41.634209,-91.49905,2
"1779",41.642297,-71.230522,6
"1780",41.65606,-0.87734,2
"1781",41.66113,-91.53017,1
"1782",41.662729,-77.129133,1
"1783",41.66394,-83.55521,2
"1784",41.66667,2,1
"1785",41.66704,-72.66648,40
"1786",41.672687,-93.572173,3
"1787",41.6772,-71.5101,1
"1788",41.678678,-88.219615,3
"1789",41.67964,-71.52178,1
"1790",41.681198,-72.939577,1
"1791",41.69411,44.83368,1
"1792",41.696753,-71.998277,1
"1793",41.70037,-73.92097,1
"1794",41.71704,-74.39571,1
"1795",41.717722,-111.836493,1
"1796",41.71873,-85.937024,1
"1797",41.720684,-83.569359,1
"1798",41.726343,-71.120746,1
"1799",41.74638,-74.109241,1
"1800",41.75709,-71.08852,4
"1801",41.75983,-69.95974,1
"1802",41.77345,-70.23814,1
"1803",41.77831,2.38992,1
"1804",41.781381,-90.002217,1
"1805",41.78586,-88.14729,1
"1806",41.788851,-89.760709,2
"1807",41.7917,-71.435251,1
"1808",41.79222,123.43278,1
"1809",41.792569,-88.25964,1
"1810",41.801119,-72.245399,1
"1811",41.81736,-87.912281,1
"1812",41.82046,1.86768,2
"1813",41.82275,-71.414451,3
"1814",41.83011,-69.97391,1
"1815",41.840969,-71.656967,2
"1816",41.85,-87.65,2
"1817",41.85003,-87.65005,67
"1818",41.850033,-87.650052,73
"1819",41.875379,-87.97643,2
"1820",41.89474,12.4839,9
"1821",41.896238,-70.759689,1
"1822",41.903347,-72.592883,1
"1823",41.907196,-83.472457,1
"1824",41.909112,-71.118346,2
"1825",41.9104,-70.642,1
"1826",41.91667,9.16667,1
"1827",41.92947,-88.75036,3
"1828",41.934174,-88.749941,1
"1829",41.97503,-88.00729,1
"1830",41.977726,-88.14259,1
"1831",41.98343,-71.33283,1
"1832",42.00027,-93.50049,28
"1833",42.01035,-76.52717,2
"1834",42.035259,-87.729928,1
"1835",42.03624,-93.46504,1
"1836",42.037879,-93.600254,1
"1837",42.04114,-87.69006,1
"1838",42.049148,-87.702155,1
"1839",42.06538,-71.24783,1
"1840",42.074226,-88.026871,5
"1841",42.0884,-78.15334,1
"1842",42.108585,-72.20448,1
"1843",42.11563,-75.95881,2
"1844",42.121293,-80.088919,1
"1845",42.14285,-77.05469,1
"1846",42.14338,-86.348568,1
"1847",42.147135,-79.842226,2
"1848",42.147636,-83.802375,1
"1849",42.148098,-122.537356,1
"1850",42.1497,-74.9384,5
"1851",42.154904,-72.602804,1
"1852",42.160717,-76.878456,1
"1853",42.177312,-83.488444,1
"1854",42.177432,-72.864558,1
"1855",42.18564,-75.41434,2
"1856",42.192781,-75.012689,1
"1857",42.202139,-83.620494,2
"1858",42.203618,-88.320768,2
"1859",42.2373,-71.5314,3
"1860",42.241799,-71.006042,2
"1861",42.24984,-72.58152,1
"1862",42.265016,-84.948946,1
"1863",42.265974,-122.900832,1
"1864",42.266638,-83.849042,3
"1865",42.27113,-89.094,4
"1866",42.273752,-85.493,1
"1867",42.276381,-88.823215,2
"1868",42.27756,-83.74088,4
"1869",42.296369,-71.056457,1
"1870",42.30008,-83.01654,2
"1871",42.301691,-70.912202,1
"1872",42.310037,-83.177625,1
"1873",42.31404,-83.849092,1
"1874",42.320169,-71.440409,1
"1875",42.321488,-72.630588,1
"1876",42.323529,-89.591606,1
"1877",42.325573,-83.483576,1
"1878",42.33143,-83.04575,3
"1879",42.33565,-71.17116,1
"1880",42.3363,-122.8398,1
"1881",42.336791,-71.845316,1
"1882",42.347021,-83.060184,7
"1883",42.35336,-88.09341,1
"1884",42.353696,-71.188149,2
"1885",42.35843,-71.05977,30
"1886",42.364807,-71.896868,1
"1887",42.365146,-71.101842,1
"1888",42.36565,-71.10832,46
"1889",42.36687,-71.104,1
"1890",42.367092,-72.464571,2
"1891",42.369351,-83.371753,1
"1892",42.370567,-71.026964,51
"1893",42.372596,-71.177998,1
"1894",42.375871,-82.937416,1
"1895",42.380442,-71.132947,6
"1896",42.38092,-71.098896,2
"1897",42.402794,-76.483999,2
"1898",42.417695,-71.167083,1
"1899",42.42261,-123.94036,1
"1900",42.427296,-70.922442,1
"1901",42.43115,-83.48327,1
"1902",42.434757,-83.984948,2
"1903",42.43595,-123.172,1
"1904",42.436545,-71.085396,1
"1905",42.454545,-71.148779,3
"1906",42.461688,-75.096727,1
"1907",42.464842,-121.259056,3
"1908",42.464986,-82.944318,1
"1909",42.46801,-70.89243,1
"1910",42.468959,-83.522221,1
"1911",42.474786,-82.995121,1
"1912",42.49065,-71.27617,1
"1913",42.492332,-92.632834,1
"1914",42.499235,-83.181077,1
"1915",42.49999,-96.40031,1
"1916",42.5,1.5,1
"1917",42.536996,-70.973646,2
"1918",42.570352,-73.655682,1
"1919",42.579298,-76.392709,1
"1920",42.59981,-71.36728,1
"1921",42.605589,-83.14993,1
"1922",42.614852,-73.970812,2
"1923",42.639121,-85.28988,1
"1924",42.642845,-70.873647,1
"1925",42.64861,-70.59306,2
"1926",42.64976,-8.81763,1
"1927",42.660091,-83.3863,1
"1928",42.66041,-83.3858,1
"1929",42.66281,-82.84242,1
"1930",42.67279,-82.91016,2
"1931",42.672835,-71.087689,1
"1932",42.69751,23.32415,2
"1933",42.6998,-74.10096,1
"1934",42.727153,-87.675979,1
"1935",42.741295,-71.458793,1
"1936",42.743697,-84.223992,1
"1937",42.74787,-73.692595,1
"1938",42.763418,-72.031469,1
"1939",42.763888,-84.458771,1
"1940",42.7798,-73.845678,1
"1941",42.78529,-88.4051,1
"1942",42.78752,-86.10893,1
"1943",42.78842,-71.20089,1
"1944",42.80965,-70.873196,1
"1945",42.8111,-1.6533,1
"1946",42.81424,-73.93957,3
"1947",42.82281,-83.9444,2
"1948",42.8333,12.8333,1
"1949",42.83333,12.83333,8
"1950",42.84998,-2.67268,1
"1951",42.85008,-82.46653,1
"1952",42.861575,-85.935917,3
"1953",42.88813,2.71868,1
"1954",42.894381,-76.565683,1
"1955",42.89606,-78.886424,10
"1956",42.898106,-75.837665,2
"1957",42.904933,-112.380079,1
"1958",42.9333,25.3,1
"1959",42.950323,-83.812575,1
"1960",42.960945,-87.862579,1
"1961",42.965926,-83.780835,2
"1962",42.978391,-78.799756,4
"1963",42.979522,-85.93927,1
"1964",42.98339,-81.23304,11
"1965",42.984014,-82.467461,3
"1966",42.984226,-85.629101,6
"1967",42.985596,-86.444751,2
"1968",42.988483,-71.462111,1
"1969",43,25,1
"1970",43.00035,-75.4999,32
"1971",43.005895,-71.013202,1
"1972",43.011264,-87.958409,5
"1973",43.02143,-76.197701,2
"1974",43.022155,-88.204676,1
"1975",43.02954,12.09935,1
"1976",43.032537,-76.009953,1
"1977",43.038679,-74.268967,1
"1978",43.0389,-87.90647,2
"1979",43.04812,-76.14742,1
"1980",43.065097,-71.443616,1
"1981",43.06956,-89.423861,4
"1982",43.077369,-75.233208,2
"1983",43.080902,-88.913251,1
"1984",43.08313,-73.78457,1
"1985",43.10012,-79.06627,2
"1986",43.112421,-76.189457,1
"1987",43.114772,-89.529153,1
"1988",43.132599,-88.743595,1
"1989",43.1334,-80.26636,3
"1990",43.139557,-70.69436,1
"1991",43.15478,-77.61556,1
"1992",43.16537,13.72424,1
"1993",43.16681,-79.24958,1
"1994",43.18333,3,1
"1995",43.2032,-75.90984,1
"1996",43.21682,-79.11627,1
"1997",43.25,-1,1
"1998",43.25011,-79.84963,3
"1999",43.25654,76.92848,2
"2000",43.280191,-78.210376,6
"2001",43.286024,-77.684264,7
"2002",43.29695,5.38107,2
"2003",43.298908,-73.585207,2
"2004",43.334243,-71.951471,1
"2005",43.33613,-85.81088,1
"2006",43.339068,-75.341898,3
"2007",43.342078,-78.130308,1
"2008",43.3504,-84.5603,1
"2009",43.35826,-110.91743,1
"2010",43.36662,-5.86112,3
"2011",43.37135,-8.396,1
"2012",43.387702,-87.881232,3
"2013",43.39819,19.77506,1
"2014",43.405584,-106.278264,3
"2015",43.4108,-71.5653,1
"2016",43.41136,-106.28002,8
"2017",43.41242,-83.886873,2
"2018",43.444927,-85.73898,1
"2019",43.4668,-80.51639,1
"2020",43.477015,-87.961162,1
"2021",43.499425,-88.206447,1
"2022",43.5,1.33333,2
"2023",43.5,13.25,1
"2024",43.50092,-70.44283,1
"2025",43.51701,-73.23622,1
"2026",43.54195,-114.31008,1
"2027",43.5501,-80.24967,1
"2028",43.56757,-76.13965,1
"2029",43.576983,-70.273642,2
"2030",43.5789,-79.6583,3
"2031",43.58346,-65.33211,2
"2032",43.59917,39.72569,1
"2033",43.603768,-116.272921,7
"2034",43.60426,1.44367,4
"2035",43.605395,-83.019578,4
"2036",43.61092,3.87723,2
"2037",43.62748,-89.77096,2
"2038",43.65011,-79.91634,1
"2039",43.658784,-70.262393,1
"2040",43.66702,-71.4998,13
"2041",43.68341,-79.3829,1
"2042",43.692284,-114.320818,1
"2043",43.69242,-7.45526,1
"2044",43.6953,4.2771,1
"2045",43.70011,-79.4163,69
"2046",43.70313,7.26608,1
"2047",43.7055,-92.268189,1
"2048",43.70701,-72.27741,1
"2049",43.71011,-87.735217,1
"2050",43.78341,-79.59962,1
"2051",43.80476,-95.63262,1
"2052",43.806197,-91.140529,1
"2053",43.85197,-85.00531,1
"2054",43.86682,-79.2663,2
"2055",43.902311,-71.124612,1
"2056",43.9298,2.148,1
"2057",43.94155,-122.87655,2
"2058",44,3.75,1
"2059",44,112,3
"2060",44.00013,-120.50139,35
"2061",44.00034,-72.74983,12
"2062",44.004691,-72.15845,1
"2063",44.010702,-97.595227,3
"2064",44.05011,-79.46631,2
"2065",44.052069,-123.086754,6
"2066",44.058465,-123.011597,3
"2067",44.061101,-123.453204,1
"2068",44.062886,-88.535694,2
"2069",44.075285,-92.516916,1
"2070",44.077918,-72.210962,1
"2071",44.081907,-91.73508,1
"2072",44.082037,-121.227125,1
"2073",44.08333,12.03333,1
"2074",44.145868,-103.206866,2
"2075",44.15012,-77.24946,1
"2076",44.16667,6,1
"2077",44.2014,7.5762,1
"2078",44.23341,-68.31946,3
"2079",44.23865,-69.734982,1
"2080",44.25,17.83333,1
"2081",44.25011,-79.46632,1
"2082",44.25011,-79.31631,1
"2083",44.25029,-85.50033,112
"2084",44.283956,-73.812347,1
"2085",44.294333,-92.905937,1
"2086",44.377113,-123.588271,1
"2087",44.38132,-68.21107,2
"2088",44.38345,-64.31545,1
"2089",44.392496,-89.818139,26
"2090",44.39735,-122.48175,2
"2091",44.4175,12.20111,1
"2092",44.43225,26.10626,1
"2093",44.455957,-67.880972,3
"2094",44.476622,-73.209998,2
"2095",44.480778,-88.016063,1
"2096",44.4841,-110.87382,1
"2097",44.5002,-114.25118,10
"2098",44.50024,-90.00041,1
"2099",44.50026,-100.25069,3
"2100",44.50319,26.10211,1
"2101",44.50599,-114.222666,1
"2102",44.507856,-67.859167,1
"2103",44.538526,-67.883074,12
"2104",44.5643,-123.2748,1
"2105",44.5672,-122.1269,3
"2106",44.6074,-69.3977,3
"2107",44.61685,-65.76555,1
"2108",44.61685,-63.41539,1
"2109",44.63194,22.65611,2
"2110",44.639931,-123.275969,3
"2111",44.64533,-63.57239,5
"2112",44.67936,1.3101,1
"2113",44.682763,-93.464428,1
"2114",44.693963,-85.676342,1
"2115",44.7133,-93.42273,1
"2116",44.72728,-75.32105,1
"2117",44.73924,-67.38999,1
"2118",44.7501,-79.88296,1
"2119",44.75034,-75.13104,2
"2120",44.75653,-91.473097,2
"2121",44.78306,-85.63869,1
"2122",44.784396,-108.543965,1
"2123",44.80401,20.46513,1
"2124",44.81011,-0.64129,1
"2125",44.81135,-91.49849,1
"2126",44.835969,-93.277176,3
"2127",44.84044,-0.5805,3
"2128",44.848517,-68.850405,1
"2129",44.894315,-93.100947,4
"2130",44.90011,-76.24939,1
"2131",44.901059,-68.668317,1
"2132",44.91667,-0.5,3
"2133",44.923016,-93.086556,1
"2134",44.923855,-92.95938,1
"2135",44.93607,-94.69666,1
"2136",44.94441,-93.09327,1
"2137",44.94878,-123.003655,4
"2138",44.963304,-89.704051,1
"2139",44.974427,-69.546917,4
"2140",44.97469,-92.75687,1
"2141",44.97997,-93.26384,3
"2142",44.984577,-93.269097,15
"2143",44.98921,-72.81375,7
"2144",45,8,1
"2145",45.00015,-62.99865,2
"2146",45.032187,-93.338561,1
"2147",45.033143,-83.495091,1
"2148",45.05,7.66667,5
"2149",45.07998,11.79301,1
"2150",45.11667,9.13333,2
"2151",45.119965,-93.287728,1
"2152",45.13333,7.36667,1
"2153",45.16667,15.5,1
"2154",45.18333,0.71667,1
"2155",45.1953,-76.1496,25
"2156",45.198955,-122.613433,1
"2157",45.29535,-118.164822,1
"2158",45.317893,-122.523602,1
"2159",45.355915,-84.913255,2
"2160",45.38338,-73.74919,1
"2161",45.39376,-92.996859,1
"2162",45.39818,-122.64176,2
"2163",45.41117,-75.69812,13
"2164",45.411842,-122.37642,1
"2165",45.44679,-122.53037,4
"2166",45.45008,-74.14922,1
"2167",45.458397,-122.977963,4
"2168",45.46427,9.18951,5
"2169",45.47723,-75.70164,1
"2170",45.487062,-122.80371,1
"2171",45.49192,-122.87232,1
"2172",45.50032,-69.24977,4
"2173",45.507856,-122.690794,67
"2174",45.508117,-122.430233,5
"2175",45.50884,-73.58781,19
"2176",45.52345,-122.67621,4
"2177",45.52478,10.22727,1
"2178",45.530664,-110.369054,1
"2179",45.53311,12.64475,1
"2180",45.56995,-73.692,2
"2181",45.59104,-73.43605,1
"2182",45.598052,-123.1818,1
"2183",45.62163,-94.20694,1
"2184",45.63348,3.5598,1
"2185",45.638728,-122.661486,7
"2186",45.67208,-118.7886,1
"2187",45.69798,9.66895,1
"2188",45.7326,-93.9196,1
"2189",45.735,12.68083,1
"2190",45.74846,4.84671,6
"2191",45.75372,21.22571,3
"2192",45.77966,3.08628,1
"2193",45.81512,-122.7426,3
"2194",45.82308,6.33551,1
"2195",45.82641,-110.898799,1
"2196",45.86028,-103.38574,1
"2197",45.88336,-72.48241,1
"2198",45.94541,-66.66558,3
"2199",46,2,47
"2200",46,4.5,1
"2201",46,105,1
"2202",46.147274,-122.825047,1
"2203",46.16667,-1.15,1
"2204",46.181872,-123.057597,1
"2205",46.20222,6.14569,4
"2206",46.212196,-119.230718,2
"2207",46.25024,-94.25055,41
"2208",46.268233,-95.06077,1
"2209",46.278667,-85.722104,2
"2210",46.315492,-87.801927,1
"2211",46.35472,-94.79528,2
"2212",46.5,3,2
"2213",46.5001,-65.99878,6
"2214",46.516,6.63282,1
"2215",46.51667,16.3,2
"2216",46.531559,-91.178378,1
"2217",46.53301,-93.71025,1
"2218",46.53918,-102.86822,17
"2219",46.54354,-87.39542,1
"2220",46.55,14.66667,1
"2221",46.57773,-122.39241,1
"2222",46.61694,-92.37917,1
"2223",46.713822,-123.01046,1
"2224",46.722625,-120.406039,1
"2225",46.730331,-117.218027,1
"2226",46.796182,-122.881311,2
"2227",46.81228,-71.21454,6
"2228",46.832816,-123.05927,1
"2229",46.856398,-114.014338,1
"2230",46.86163,-92.612251,6
"2231",46.87719,-96.7898,1
"2232",46.88333,15.85,1
"2233",46.894674,-99.299966,3
"2234",46.921005,-98.745485,1
"2235",46.9333,20.8333,1
"2236",46.95,8.41667,1
"2237",46.9656,8.5735,1
"2238",46.984767,-122.869079,5
"2239",47,8,1
"2240",47.00016,8.01427,5
"2241",47.00025,-109.75102,11
"2242",47.005566,-92.001934,2
"2243",47.028084,-120.48998,1
"2244",47.065878,-67.793906,1
"2245",47.0977,-88.41318,2
"2246",47.1043,-123.0552,6
"2247",47.16667,8.58333,1
"2248",47.18333,20.2,1
"2249",47.18333,24.56667,1
"2250",47.212822,-122.317148,1
"2251",47.235654,-122.550404,1
"2252",47.252877,-122.444291,4
"2253",47.25535,9.5836,1
"2254",47.26266,11.39454,1
"2255",47.263158,-122.240066,1
"2256",47.269988,-122.239499,1
"2257",47.27482,-122.76375,7
"2258",47.29221,-2.36395,1
"2259",47.30025,39.51637,1
"2260",47.30802,-111.34715,1
"2261",47.31667,5.01667,1
"2262",47.33333,8.16667,1
"2263",47.33333,13.33333,3
"2264",47.36667,8.55,10
"2265",47.3917,-121.5708,12
"2266",47.401766,-122.32429,1
"2267",47.405479,-122.195772,1
"2268",47.42899,-122.47818,1
"2269",47.431918,-121.374062,7
"2270",47.432251,-121.803388,54
"2271",47.43333,12.38333,1
"2272",47.446982,-122.201521,1
"2273",47.45371,-122.321791,1
"2274",47.46315,-122.33374,1
"2275",47.470377,-122.346792,1
"2276",47.4830556,-122.2158333,1
"2277",47.4957,-53.6273,2
"2278",47.49801,19.03991,2
"2279",47.5,-1,1
"2280",47.50012,-120.50147,55
"2281",47.50027,-100.00068,3
"2282",47.5429,-94.86113,1
"2283",47.55162,-54.86155,5
"2284",47.5584,7.57327,2
"2285",47.56025,-122.228083,1
"2286",47.570932,-122.386517,1
"2287",47.58333,1.33333,1
"2288",47.60213,0.48478,1
"2289",47.60382,7.35424,1
"2290",47.60621,-122.33207,34
"2291",47.606478,-122.634712,3
"2292",47.615471,-122.207221,6
"2293",47.647774,-122.538016,1
"2294",47.651635,-117.085845,1
"2295",47.652767,-122.31336,1
"2296",47.65878,-117.426047,5
"2297",47.659053,-117.418034,1
"2298",47.6667,19.6833,1
"2299",47.669312,-122.010131,1
"2300",47.678756,-122.121034,1
"2301",47.691736,-116.654109,2
"2302",47.72137,-109.77269,2
"2303",47.75,19.5,8
"2304",47.751046,-122.614094,1
"2305",47.755653,-122.341518,1
"2306",47.75732,-122.24401,1
"2307",47.78319,-53.46479,1
"2308",47.806068,-122.372401,2
"2309",47.82093,-122.315131,1
"2310",47.851188,-122.134295,1
"2311",47.860097,-122.204297,1
"2312",47.863149,-121.88433,1
"2313",47.86602,-122.1551,3
"2314",47.866638,-97.141144,1
"2315",47.96543,-118.97613,1
"2316",47.988661,-122.199795,1
"2317",48,-3,5
"2318",48.0419,3.79472,1
"2319",48.051108,-123.360411,2
"2320",48.06667,16.25,1
"2321",48.06773,-123.080362,1
"2322",48.13522,-0.75613,2
"2323",48.13743,11.57549,14
"2324",48.152043,-122.207366,1
"2325",48.19272,-93.80539,2
"2326",48.19811,16.39482,1
"2327",48.202765,-114.303919,1
"2328",48.20849,16.37208,4
"2329",48.255229,-107.867729,1
"2330",48.26667,7.73333,1
"2331",48.36667,10.88333,2
"2332",48.39841,9.99155,1
"2333",48.41667,-2.66667,1
"2334",48.43294,-123.3693,11
"2335",48.435248,-122.208184,1
"2336",48.5,2.5,8
"2337",48.5,9,1
"2338",48.55009,-71.6491,1
"2339",48.58342,7.74296,1
"2340",48.63811,-2.11392,1
"2341",48.64244,12.49283,1
"2342",48.6834,-90.53348,2
"2343",48.69096,9.14062,18
"2344",48.75955,-122.48822,4
"2345",48.78333,1.86667,1
"2346",48.83333,2.25,2
"2347",48.84869,2.34363,1
"2348",48.85341,2.3488,51
"2349",48.8655,2.3426,1
"2350",48.8846,2.26965,1
"2351",48.91667,2.5,1
"2352",48.92882,-123.74451,1
"2353",48.93872,2.46138,1
"2354",48.953377,-122.19886,1
"2355",48.953983,-122.712014,1
"2356",48.97447,14.47434,1
"2357",48.98333,2.23333,1
"2358",49,4.5,1
"2359",49,32,11
"2360",49.00472,8.38583,2
"2361",49.05798,-122.25257,1
"2362",49.08297,-122.58589,4
"2363",49.08333,-122.35,1
"2364",49.09983,-117.70223,1
"2365",49.11688,-79.98301,1
"2366",49.11911,6.17269,2
"2367",49.15207,-125.90315,1
"2368",49.16634,-123.93601,3
"2369",49.16638,-121.95257,1
"2370",49.17003,-123.13683,1
"2371",49.18585,-0.35912,3
"2372",49.20666,-1.04799,3
"2373",49.20678,-122.91092,1
"2374",49.21667,-2.11667,8
"2375",49.2354,6.98165,1
"2376",49.24966,-123.11934,42
"2377",49.25,4.03333,1
"2378",49.25014,-84.49983,16
"2379",49.3466,-2.36206,2
"2380",49.36672,-123.16652,1
"2381",49.39965,-123.50268,1
"2382",49.44313,1.09932,1
"2383",49.4563,8.0814,3
"2384",49.5,3.5,1
"2385",49.50654,-124.8181,1
"2386",49.65021,-83.78315,2
"2387",49.65064,-125.44939,2
"2388",49.66667,7.5,1
"2389",49.68657,-124.9936,1
"2390",49.69999,-112.81856,2
"2391",49.70017,-123.15597,1
"2392",49.74977,-119.73568,1
"2393",49.75,6.16667,2
"2394",49.75,15,1
"2395",49.75375,6.63928,1
"2396",49.88307,-119.48568,2
"2397",49.8844,-97.14704,11
"2398",49.9,2.3,1
"2399",49.97704,9.15214,1
"2400",49.99427,8.29447,1
"2401",50,10.2,1
"2402",50.00098,8.26882,1
"2403",50.04361,-94.68856,1
"2404",50.04606,1.42079,1
"2405",50.04937,10.22175,1
"2406",50.08804,14.42076,2
"2407",50.11035,8.67185,7
"2408",50.11552,8.68417,1
"2409",50.1213173,-5.5329266,2
"2410",50.13135,8.71251,1
"2411",50.1552197,-5.0688262,1
"2412",50.25,19,1
"2413",50.304,1.64448,14
"2414",50.33333,3.66667,13
"2415",50.36675,-105.38444,1
"2416",50.3712779,-4.1424595,4
"2417",50.416667,-5.083333,1
"2418",50.416667,-4.75,4
"2419",50.4248415,-3.8350441,1
"2420",50.45008,-104.6178,3
"2421",50.45466,30.5238,4
"2422",50.53326,-116.01877,1
"2423",50.58444,14.37286,1
"2424",50.63297,3.05858,1
"2425",50.66648,-120.3192,1
"2426",50.666667,-1.333333,1
"2427",50.716667,3.15,1
"2428",50.71667,-2.43333,3
"2429",50.720157,-1.8747048,1
"2430",50.7236,-3.52751,1
"2431",50.7257539,-3.5300602,1
"2432",50.73616,7.1002,1
"2433",50.75,-3.75,1
"2434",50.75,-2.333333,5
"2435",50.77664,6.08342,1
"2436",50.7888796,-1.0886623,1
"2437",50.80008,-1.07713,1
"2438",50.8065249,-1.0744016,1
"2439",50.8110266,-0.9763181,1
"2440",50.82838,-0.13947,2
"2441",50.8288134,-0.1473061,7
"2442",50.83333,4,17
"2443",50.83857,4.37599,1
"2444",50.8455531,-2.6853205,1
"2445",50.84883,-1.12456,1
"2446",50.85045,4.34878,9
"2447",50.87959,4.70093,2
"2448",50.9035305,-1.4041996,1
"2449",50.91667,0.33333,1
"2450",50.93333,6.95,5
"2451",50.9560362,-0.131978,1
"2452",50.9895086,-1.4997349,1
"2453",51,-0.41667,1
"2454",51.01459,3.63779,1
"2455",51.0150449,-3.1029619,1
"2456",51.03167,5.80972,2
"2457",51.04972,-123.75294,1
"2458",51.05011,-114.08529,21
"2459",51.0733411,-1.7942401,1
"2460",51.083333,-1.166667,2
"2461",51.09102,6.5827,1
"2462",51.17343,7.0845,1
"2463",51.17622,-115.56982,1
"2464",51.19172,0.06729,1
"2465",51.19417,5.9875,1
"2466",51.2078102,-1.4792907,1
"2467",51.2142756,-0.7980149,1
"2468",51.2216,6.7898,1
"2469",51.2316107,-0.3756192,4
"2470",51.23536,-0.57427,2
"2471",51.2474823,0.7105077,5
"2472",51.25,-0.33333,1
"2473",51.25,22.56667,1
"2474",51.26249,-1.08708,1
"2475",51.28,4.05278,1
"2476",51.2800275,1.0802533,5
"2477",51.30011,-114.03528,3
"2478",51.3199889,-0.5587169,1
"2479",51.33333,-1.5,2
"2480",51.33962,12.37129,4
"2481",51.367811,0.6485306,1
"2482",51.37,6.16806,1
"2483",51.3713049,-0.101957,3
"2484",51.37664,-0.10574,1
"2485",51.37795,-2.35907,1
"2486",51.3804845,0.5292758,1
"2487",51.3813864,-2.3596963,2
"2488",51.4,-0.5,10
"2489",51.4028046,0.0148142,1
"2490",51.41259,-0.2974,1
"2491",51.4163825,-0.7492531,1
"2492",51.41749,-0.0607,8
"2493",51.4199868,-0.2052273,1
"2494",51.4375851,-0.3160502,1
"2495",51.43879,-2.00571,1
"2496",51.44083,5.47778,3
"2497",51.45,0.05,1
"2498",51.45523,-2.59665,6
"2499",51.4558578,0.1502504,1
"2500",51.4580216,-0.9673727,3
"2501",51.4606872,-2.1129479,1
"2502",51.46291,0.13943,1
"2503",51.47475,-0.15547,1
"2504",51.47764,-0.02609,1
"2505",51.48,-3.18,7
"2506",51.483,11.972,1
"2507",51.4841856,0.0048337,2
"2508",51.4846664,-3.6791561,2
"2509",51.4854247,-0.1654788,1
"2510",51.49794,-0.06607,1
"2511",51.5,-0.116667,2
"2512",51.5,10.5,23
"2513",51.50068,-0.86577,1
"2514",51.5013012,-0.117287,1
"2515",51.5017679,-0.0697911,1
"2516",51.5022704,-0.093802,1
"2517",51.50532,-3.53348,1
"2518",51.5072648,-0.1278328,238
"2519",51.50807,-0.09651,2
"2520",51.50853,-0.12574,4
"2521",51.5121,-0.5917,1
"2522",51.5146237,-0.0872901,5
"2523",51.51494,7.466,2
"2524",51.51667,-0.05,1
"2525",51.52322,-0.15778,2
"2526",51.5266694,-0.0798926,1
"2527",51.53333,-0.08333,1
"2528",51.5335659,-0.1882292,1
"2529",51.55,-0.1,1
"2530",51.5551066,-0.2919185,1
"2531",51.55551,5.0913,1
"2532",51.5620756,-0.1253842,1
"2533",51.5659163,-3.3252533,1
"2534",51.5666491,-0.0595443,1
"2535",51.57515,0.18582,1
"2536",51.57558,8.10619,1
"2537",51.58656,4.77596,1
"2538",51.5882332,-2.9974967,1
"2539",51.5897103,-0.0715296,1
"2540",51.5901103,0.2931328,1
"2541",51.59669,-0.03296,1
"2542",51.6211442,-3.9467751,2
"2543",51.627422,-0.7484153,1
"2544",51.68333,-3.38333,1
"2545",51.70146,-3.05136,1
"2546",51.71438,-3.44918,1
"2547",51.7221664,-0.8337605,2
"2548",51.7290684,0.4205433,1
"2549",51.75,-0.75,1
"2550",51.75222,-1.25596,8
"2551",51.765,5.51806,1
"2552",51.7691305,0.0932203,1
"2553",51.7816441,0.3665169,10
"2554",51.78667,4.475,1
"2555",51.80652,68.35996,5
"2556",51.81,4.67361,1
"2557",51.8161412,-0.8130383,1
"2558",51.81667,0.15,1
"2559",51.83333,-0.25,3
"2560",51.83877,1.24625,1
"2561",51.8425,5.85278,1
"2562",51.8804327,-0.3991405,1
"2563",51.88921,0.90421,3
"2564",51.89998,-1.15357,1
"2565",51.9225,4.47917,1
"2566",51.965,6.28889,1
"2567",52,-56,2
"2568",52,-0.5,3
"2569",52,20,3
"2570",52.03333,8.53333,5
"2571",52.05684,-2.71482,1
"2572",52.0579903,1.1528804,1
"2573",52.06258,-2.21802,1
"2574",52.07667,4.29861,7
"2575",52.09083,5.12222,2
"2576",52.11679,-106.63452,4
"2577",52.14083,-10.26889,2
"2578",52.14167,11.64444,3
"2579",52.15833,4.52917,1
"2580",52.16045,-0.70312,72
"2581",52.166667,1,2
"2582",52.16667,6.225,1
"2583",52.18333,-10.16667,1
"2584",52.18893,0.99774,2
"2585",52.19166,-1.70734,1
"2586",52.19961,21.44334,1
"2587",52.2033051,0.124862,3
"2588",52.21833,6.89583,1
"2589",52.22,5.48611,1
"2590",52.22977,21.01178,5
"2591",52.2385239,-0.902493,2
"2592",52.25,-0.833333,2
"2593",52.25,-0.83333,1
"2594",52.25833,-7.11194,1
"2595",52.28333,-117.469,11
"2596",52.28917,6.15278,1
"2597",52.30083,4.86389,1
"2598",52.306172,-1.9409134,1
"2599",52.3103,4.76028,2
"2600",52.31679,-106.56791,1
"2601",52.33333,-1.58333,6
"2602",52.333333,0.083333,1
"2603",52.33417,-6.4575,1
"2604",52.35463,4.99826,1
"2605",52.37403,4.88969,16
"2606",52.38084,4.63683,3
"2607",52.381,-1.562,1
"2608",52.4080477,-1.5113334,1
"2609",52.41074,-1.81952,1
"2610",52.4130189,-1.7768935,2
"2611",52.44889,9.74,1
"2612",52.45313,4.81356,1
"2613",52.47333,-8.15583,1
"2614",52.4813678,-1.8980725,9
"2615",52.49997,-1.70722,1
"2616",52.5,-3.5,9
"2617",52.5,-1.96667,7
"2618",52.5,5.75,17
"2619",52.5125,6.09444,2
"2620",52.51868,-1.9945,1
"2621",52.5233,13.41377,23
"2622",52.555,5.91111,1
"2623",52.5553965,0.0731921,1
"2624",52.5738875,-0.2416701,2
"2625",52.58333,4.91667,2
"2626",52.59917,6.39444,1
"2627",52.62783,1.29834,2
"2628",52.6425,5.05972,3
"2629",52.666667,-2.75,2
"2630",52.666667,1,2
"2631",52.66667,-1,4
"2632",52.67144,4.84862,1
"2633",52.67659,-2.44926,1
"2634",52.75,-1.5,2
"2635",52.755,5.96528,1
"2636",52.7681713,-0.3772072,1
"2637",52.7692871,-1.2233495,1
"2638",52.86673,-104.61768,1
"2639",52.86799,-1.20558,2
"2640",52.9133829,-0.6426582,1
"2641",52.92083,6.53889,1
"2642",52.9212617,-1.4761491,1
"2643",52.9354282,-1.2458076,1
"2644",52.9533834,-1.1487384,7
"2645",52.96667,-2.68333,1
"2646",52.96683,-113.36869,3
"2647",53,-8,12
"2648",53.0162014,-2.1812607,2
"2649",53.06667,-0.81667,1
"2650",53.0799255,-1.2447614,1
"2651",53.08891,8.79063,1
"2652",53.14083,-6.06306,1
"2653",53.166667,-2.583333,1
"2654",53.16667,-6.75,1
"2655",53.16667,-2.58333,1
"2656",53.2140297,-2.3732624,1
"2657",53.22368,6.56479,4
"2658",53.2277187,-4.1268822,1
"2659",53.2606635,-2.1255158,1
"2660",53.27194,-9.04889,1
"2661",53.27389,-7.48889,1
"2662",53.284013,-3.5810758,1
"2663",53.30221,-1.47507,1
"2664",53.3261292,-2.2327511,1
"2665",53.33306,-6.24889,1
"2666",53.33333,-3.08333,1
"2667",53.3356965,-2.7317997,1
"2668",53.3418732,-1.2789459,5
"2669",53.365432,-2.0012794,1
"2670",53.38046,-6.27113,18
"2671",53.3856729,-1.4528791,17
"2672",53.3899497,-2.5943178,1
"2673",53.4,-3.083333,2
"2674",53.4054719,-2.9805393,11
"2675",53.44852,-2.35419,2
"2676",53.46557,-2.23388,1
"2677",53.46604,9.69124,1
"2678",53.48095,-2.23743,28
"2679",53.48771,-2.29042,1
"2680",53.51684,-113.3187,1
"2681",53.52327,-1.13691,1
"2682",53.53333,10.3,2
"2683",53.55014,-113.46871,21
"2684",53.55021,8.57674,1
"2685",53.5527719,-1.4827755,1
"2686",53.57532,10.01534,7
"2687",53.5964097,-2.2904086,1
"2688",53.6,-2.5,3
"2689",53.6,10,2
"2690",53.61861,-6.92056,1
"2691",53.62937,11.41316,1
"2692",53.64779,-3.00648,1
"2693",53.6822,-1.10426,1
"2694",53.7,-1.58333,6
"2695",53.70336,-2.2007,2
"2696",53.7059785,-2.8840445,1
"2697",53.716667,-0.333333,1
"2698",53.71684,-113.2187,1
"2699",53.7264342,-1.0179148,2
"2700",53.72922,20.56641,2
"2701",53.73333,-1.76667,1
"2702",53.7446,-0.33525,3
"2703",53.75,-2.48333,1
"2704",53.76099,-0.44186,1
"2705",53.79391,-1.75206,2
"2706",53.7974185,-1.5437941,12
"2707",53.7986046,-1.4620263,1
"2708",53.81233,-1.95196,1
"2709",53.83333,-2.5,1
"2710",53.84587,-0.42332,1
"2711",53.86667,-1.45,1
"2712",53.9,-9.25,3
"2713",53.928397,-1.3866664,1
"2714",53.9593817,-1.0814175,7
"2715",53.9928858,-1.538484,1
"2716",53.99983,-125.0032,18
"2717",54,-2,8
"2718",54,-1.5,6
"2719",54.0001,-106.00099,7
"2720",54.0887,12.14049,1
"2721",54.166667,-1.5,4
"2722",54.26667,-2.08333,1
"2723",54.32681,-2.74757,1
"2724",54.33333,-5.75,3
"2725",54.34917,-8.25139,1
"2726",54.36111,-7.41667,8
"2727",54.3802377,-2.8559077,1
"2728",54.4896,-1.1154,1
"2729",54.5,-6.5,2
"2730",54.52337,-6.03527,1
"2731",54.525,-1.189,4
"2732",54.5760419,-1.2344047,2
"2733",54.58333,-7,1
"2734",54.58333,-5.93333,6
"2735",54.583333,-2.833333,1
"2736",54.65338,-5.66895,1
"2737",54.6633162,-2.7540589,1
"2738",54.666667,-1.75,1
"2739",54.75844,-2.69531,125
"2740",54.7763893,-1.5758691,1
"2741",54.9063791,-1.375053,3
"2742",54.91667,-2.33333,1
"2743",54.97328,-1.61396,5
"2744",55,-6.16667,1
"2745",55.00019,-97.00049,1
"2746",55.01646,-1.44925,1
"2747",55.0699746,-3.6095639,1
"2748",55.25,-2,1
"2749",55.31667,12.33333,1
"2750",55.37911,10.345,1
"2751",55.39594,10.38831,1
"2752",55.400674,-131.67409,1
"2753",55.5,-4.5,5
"2754",55.5752966,-3.833333,1
"2755",55.60587,13.00073,2
"2756",55.6101306,-4.4985359,1
"2757",55.67594,12.56553,1
"2758",55.70584,13.19321,2
"2759",55.75,37.5,4
"2760",55.75222,37.61556,1
"2761",55.7948829,-4.8695014,1
"2762",55.833333,-4.25,1
"2763",55.8481954,-4.4249329,1
"2764",55.861147,-4.2499891,22
"2765",55.86515,-4.25763,1
"2766",55.90137,-4.4057,1
"2767",55.90288,-3.52261,1
"2768",55.91667,-3.5,3
"2769",55.94071,-4.32311,1
"2770",55.9483399,-3.1932723,19
"2771",55.95,12.45,1
"2772",55.951,-3.836,1
"2773",55.97639,-3.60364,1
"2774",56,-4,27
"2775",56,10,6
"2776",56.0375069,-5.433147,1
"2777",56.0377011,-3.3554255,1
"2778",56.04673,12.69437,3
"2779",56.07156,-3.45887,1
"2780",56.08333,-4.11667,1
"2781",56.1181242,-3.9360012,1
"2782",56.12639,-4.42069,1
"2783",56.19514,-3.17316,1
"2784",56.25,-3.166667,1
"2785",56.32867,44.00205,1
"2786",56.4593653,-2.9735213,1
"2787",56.5,-2.96667,2
"2788",56.6010033,-6.5731627,1
"2789",56.7325485,-2.6588108,1
"2790",56.8351557,-2.463529,1
"2791",56.946,24.10589,4
"2792",56.95,13.5167,3
"2793",57,9.66667,1
"2794",57.05,18.2667,16
"2795",57.14369,-2.09814,5
"2796",57.15222,65.52722,1
"2797",57.41667,10,1
"2798",57.4790124,-4.225739,2
"2799",57.4921108,-4.1301607,1
"2800",57.5957787,-4.4309778,1
"2801",57.6486067,-3.3158676,1
"2802",57.70716,11.96679,2
"2803",57.78145,14.15618,1
"2804",58.01667,11.83333,1
"2805",58.2295,14.6529,1
"2806",58.373561,-134.523946,3
"2807",58.41086,15.62157,1
"2808",58.41667,22.58333,1
"2809",58.59419,16.1826,1
"2810",58.6161,5.64497,2
"2811",58.8,9.1,1
"2812",58.9647,5.7312,1
"2813",59,26,1
"2814",59.0351,15.16613,1
"2815",59.26754,10.40762,1
"2816",59.33258,18.0649,13
"2817",59.38333,15.83333,1
"2818",59.41378,5.268,2
"2819",59.43696,24.75353,1
"2820",59.5072,13.3139,1
"2821",59.5344,18.0776,1
"2822",59.8,15.55,1
"2823",59.89444,30.26417,2
"2824",60,-95,3
"2825",60,100,7
"2826",60.10867,-113.64258,77
"2827",60.14545,16.16785,1
"2828",60.16952,24.93545,3
"2829",60.60357,15.62597,1
"2830",60.8912,16.7185,1
"2831",61.220018,-149.855702,14
"2832",61.385,-152.2683,2
"2833",61.581305,-149.374335,1
"2834",61.71667,-154.09861,1
"2835",62,10,6
"2836",62,15,12
"2837",63.43049,10.39506,1
"2838",63.44582,10.90093,6
"2839",64,26,6
"2840",64.00028,-150.00028,8
"2841",64.41667,-20.33333,1
"2842",65,-18,12
"2843",69.65,18.9,1
